escala_vida,log_gdp,suport_social,esperan√ßa_vida,llibertat_vida,generositat,percepcio_corrupcio
5.085,8.716,0.792,67.14,0.87975,0.0,0.783125
4.369,7.88,0.633,54.7,0.746,-0.057,0.519
6.062,9.782,0.893,68.0,0.832,-0.158,0.471
5.138,10.144,0.874,66.24,0.611,-0.23,0.793
3.792,6.723,0.326,49.66,0.427,-0.019,0.718
6.427,10.051,0.883,68.4,0.848,-0.192,0.851
4.947,8.85,0.771,59.84,0.713,0.347,0.915
4.156,9.144,0.608,64.96,0.614,-0.224,0.498
4.311,9.382,0.858,64.3,0.599,-0.002,0.937
5.118,9.899,0.645,63.68,0.415,-0.189,0.785
4.872,10.246,0.792,67.2,0.631,-0.136,0.76
5.564,9.681,0.908,62.0,0.679,-0.203,0.676
6.568,11.086,0.824,66.5,0.915,0.201,0.377
4.942,8.686,0.805,60.6,0.893,0.033,0.812
5.411,8.973,0.85,68.034,0.94,-0.098,0.796
6.016,9.609,0.873,68.1,0.722,0.079,0.963
7.038,9.637,0.916,64.76,0.834,-0.072,0.662
6.26,10.541333333333334,0.806,74.1,0.763,0.037111111111111116,0.816
7.28,10.922,0.953,68.38,0.878,0.255,0.668
4.69,7.985,0.799,50.96,0.576,-0.104,0.831
3.481,7.559,0.742,51.86,0.71,-0.004,0.801
5.608,10.576,0.837,73.898,0.797,0.012,0.614
5.865,8.953,0.821,62.36,0.881,0.018,0.832
5.22,10.353,0.856,71.0,0.875,-0.173,0.962
3.572,7.725,0.484,52.56,0.578,0.061,0.823
5.422,8.394,0.856,66.02,0.918,0.089,0.754
4.773,9.342,0.779,66.78,0.42,-0.013,0.953
5.101,8.898,0.704,59.98,0.603,0.311,0.96
5.587,9.849,0.922,66.3,0.782,-0.09744444444444444,0.983
4.306,7.417,0.65,50.8,0.716,0.095,0.856
5.114,8.467,0.673,64.8,0.902,-0.051,0.656
5.719,9.878,0.861,58.7,0.806,-0.246,0.865
7.272,9.74,0.902,70.1,0.929,0.046,0.794
5.083,7.924,0.528,60.28,0.631,-0.075,0.776
4.853,8.021,0.436,53.9,0.727,-0.065,0.767
4.311,6.966,0.67,52.9,0.704,0.068,0.809
5.252,8.46,0.898,62.78,0.736,0.355,0.897
6.458,11.053,0.827,67.5,0.942,0.06,0.377
4.857,8.5,0.914,63.5,0.814,0.056,0.917
6.242,10.407,0.878,69.7,0.883,-0.231,0.696
6.736,10.518,0.931,69.3,0.85,-0.197,0.9
7.594,10.916,0.952,72.1,0.955,0.155,0.181
5.42,8.52,0.828,65.02,0.687,0.223,0.863
5.386,9.97,0.832,68.7,0.694,-0.105,0.82
7.445,10.722,0.941,71.12,0.919,0.04,0.306
4.379,7.651,0.74,58.5,0.74,0.039,0.799
5.074,7.098,0.641,53.78,0.806,0.018,0.693
5.148,10.278,0.753,72.2,0.438,-0.29,0.872
3.568,7.091,0.483,42.7,0.69,-0.036,0.845
6.236,9.867,0.761,67.4,0.719,-0.152,0.708
4.349,9.371,0.559,64.98,0.722,-0.254,0.349
5.537,10.182,0.881,62.26,0.661,-0.289,0.934
6.179,8.836,0.918,65.255,0.97,0.311,0.515
3.775,6.635,0.49,53.4,0.626,-0.024,0.607
4.361,7.324,0.508,54.3,0.717,-0.042,0.726
5.081,10.347,0.866,71.8,0.8,-0.163,0.941
5.03,8.947,0.728,58.968,0.91,0.123,0.658
5.004,9.518,0.684,68.7,0.824,0.009,0.899
7.131,11.58,0.917,72.24,0.79,-0.054,0.301
5.57,9.317,0.918,64.7,0.788,-0.046,0.7176666666666667
4.267,6.898,0.771,48.64,0.88,-0.009,0.483
5.924,8.636,0.827,66.6,0.809,0.077,0.728
6.095,10.457,0.876,72.6,0.882,-0.234,0.915
5.919,8.648,0.812,67.3,0.857,0.081,0.809
5.511,10.746,0.812,76.82,0.91,0.156,0.356
6.888,10.861,0.977,72.32,0.885,0.272,0.708
7.464,10.814,0.947,70.4,0.901,0.3031,0.571
7.62,10.933,0.954,72.7,0.946,0.03,0.179
4.623,8.408,0.793,58.4,0.877,0.679,0.607
5.608,8.332,0.724,54.48,0.852,0.011,0.79
5.961,10.048,0.892,67.06,0.678,-0.132,0.865
4.833,6.823,0.748,45.5,0.643,0.074,0.854
6.033,11.419,0.925,76.2,0.904,0.143,0.047
5.164,7.699,0.694,55.3,0.677,0.41,0.798
3.508,7.498,0.714,46.06,0.488,-0.045,0.882
5.916,9.066,0.827,63.6,0.863,-0.093,0.786
5.129,9.142,0.777,65.82,0.638,-0.067,0.896
5.432,9.388,0.878,63.52,0.863,-0.053,0.806
6.965,10.556,0.947,70.807,0.858,-0.208,0.868
4.514,7.577,0.708,45.16,0.72,-0.071,0.856
5.191,8.908,0.747,63.56,0.636,-0.078,0.735
5.104,8.928,0.848,63.813,0.381,0.144,0.894
4.728,9.17,0.854,61.88,0.772,-0.235,0.774
5.051,7.686,0.69,55.16,0.697,0.424,0.746
5.955,10.595,0.9,74.8,0.836,-0.062,0.698
4.263,7.772,0.751,62.56,0.776,-0.119,0.672
4.497,6.88,0.83,51.22,0.48,0.012,0.913
4.77,9.45,0.875,55.7,0.774,-0.07,0.813
4.844,8.489,0.761,62.073750000000004,0.454,-0.15,0.78
6.331,10.369,0.936,69.201,0.766,-0.124,0.911
4.119,8.19,0.615,56.7,0.786,-0.072,0.79
4.909,7.347,0.611,46.0,0.624,0.05,0.825
6.869,10.657,0.949,71.38,0.9,0.336,0.438
5.615,9.308,0.868,62.3,0.775,-0.044,0.6663333333333333
6.995,10.587,0.957,72.06,0.782,-0.093,0.784
5.946,9.399,0.831,67.44,0.719,-0.167,0.661
5.999,9.461,0.809,68.4,0.815,-0.13,0.874
7.046,10.866,0.959,71.16,0.835,0.315,0.58
5.373,8.08,0.79,64.7,0.745875,-0.04,0.55
5.901,9.85,0.897,69.2,0.823,-0.122,0.816
6.235,10.376,0.922,68.9,0.758,-0.167,0.91
4.662,9.42,0.901,64.6,0.663,-0.074,0.943
7.234,10.815,0.943,73.9,0.918,0.121,0.43
4.395,9.182,0.767,67.0,0.755,-0.167,0.705
6.238,10.566,0.878,71.44,0.836,0.018,0.712
4.843,8.144,0.691,53.8,0.759,-0.039,0.871
7.448,10.716,0.948,71.6,0.93,0.111,0.223
7.136,9.83,0.901,70.9,0.873,-0.032,0.781
6.377,11.488,0.915,76.953,0.927,-0.018,0.082
4.483,8.519,0.853,55.78,0.468,-0.054,0.589
4.652,9.43,0.917,50.5,0.739,-0.202,0.791
5.97,10.101,0.795,62.28,0.799,0.004,0.805
3.735,7.984,0.768,54.4,0.733,-0.095,0.724
5.474,10.887,0.846,76.82,0.894,0.235,0.245
4.461,8.225,0.746,60.8,0.958,0.076,0.84
7.241,10.806,0.917,71.48,0.91,0.146,0.289
4.094,9.15,0.709,67.2,0.779,-0.15,0.7176666666666667
6.436,10.097,0.89,69.9,0.789,-0.06,0.816
5.099,10.007,0.924,66.8,0.724,-0.176,0.952
5.963,10.389,0.922,71.84,0.861,0.352,0.6606
4.199,8.506,0.741,55.46,0.603,-0.079,0.676
3.809,7.797,0.741,59.4,0.525,-0.01,0.935
4.702,9.458,0.883,64.9,0.715,-0.081,0.885
3.737,6.888,0.677,46.36,0.75,0.076,0.755
4.233,7.846,0.734,59.6,0.638,0.07,0.883
5.88,9.076,0.83,62.0,0.917,-0.097,0.742
3.249,8.818,0.561,60.5,0.876,0.112,0.752
7.474,11.115,0.95,73.8,0.925,0.18,0.316
5.969,10.136,0.809,66.6,0.822,-0.115,0.949
4.947,9.332,0.891,57.3,0.757,-0.015,0.912
3.762,9.724,0.816,56.8,0.857,-0.116,0.86
6.139,10.244,0.924,67.76,0.635,-0.126,0.914
3.623,7.876,0.702,57.999,0.833,0.183,0.577
5.589,8.946,0.723,52.5,0.584,0.055,0.911
4.683,7.916,0.756,54.74,0.612,-0.03,0.879
4.017,7.377,0.771,47.42,0.582,-0.06,0.833
6.525,9.46,0.946,65.46,0.798,-0.031,0.646
4.402,7.54,0.552,51.2,0.679,0.19,0.85
4.86,9.067,0.759,63.813,0.589,0.004,0.919
4.613,7.554,0.724,60.64,0.702,-0.088,0.768
4.51,8.18,0.637,54.58,0.745,-0.109,0.833
7.788,10.768,0.964,71.8,0.962,-0.002,0.192
4.56,8.696,0.747,66.88,0.8475,-0.1555,0.755
3.563,6.719,0.291,49.02,0.26,-0.019,0.86
4.775,8.968,0.804,60.76,0.696,-0.186,0.93
4.573,9.8,0.713,65.36,0.621,-0.006,0.856
3.476,7.952,0.629,54.36,0.508,-0.074,0.838
4.64,7.439,0.776,54.92,0.332,-0.099,0.773
7.398,10.882,0.934,72.7,0.942,0.091,0.25
5.94,10.211,0.917,66.2,0.685,-0.156,0.868
7.111,10.493,0.903,72.52,0.681,0.153,0.862
5.113,9.627,0.783,66.84,0.532,0.072,0.912
7.418,10.608,0.987,72.6,0.942,0.329,0.186
6.249,10.546,0.941,71.1,0.942,-0.119,0.839
6.375,11.49,0.903,76.8,0.916,-0.066,0.097
4.874,7.792,0.634,53.3,0.738,0.038,0.75
6.444,9.904,0.917,68.42,0.888,-0.043,0.586
4.225,9.279,0.824,66.3,0.8,0.161,0.823
4.75,9.532,0.844,65.6,0.453,-0.165,0.905
5.771,9.702,0.808,69.9,0.891,-0.103,0.755
5.303,10.261,0.803,72.0,0.482,-0.26,0.898
4.607,9.403,0.639,67.8,0.704,-0.081,0.885
5.936,10.344,0.941,67.6,0.693,-0.243,0.911
3.347,7.836,0.705,57.0,0.8,0.116,0.654
4.91,8.087,0.768,63.5,0.77,0.122,0.742
4.867,8.94,0.837,40.808,0.607,-0.067,0.917
4.26,9.182,0.705,65.36,0.465,-0.225,0.875
4.456,7.419,0.845,47.46,0.708,-0.001,0.881
4.102,9.184,0.54,64.8,0.558,-0.248,0.46
4.918,8.903,0.56,66.208,0.774,-0.236,0.801
5.025,9.197,0.699,64.96,0.781,-0.119,0.722
4.683,10.117,0.906,65.92,0.569,-0.136,0.93
5.767,10.361,0.827,70.5,0.656,-0.059,0.803
4.991,,0.88,,0.746,,0.513
4.514,8.46,0.647,56.4,0.751,0.09,0.894
4.654,6.865,0.756,46.2,0.514,0.006,0.864
4.288,9.402,0.698,66.6,0.614,-0.147,0.865
6.139,10.371,0.953,70.1,0.767,-0.007,0.787
6.146,10.912,0.823,66.1,0.822,0.082,0.5805
6.205,8.818,0.921,65.1,0.97,0.318,0.52
6.202,9.699,0.866,66.6,0.885,0.316,0.914
4.551,9.359,0.759,67.24,0.632,-0.127,0.863
4.653,9.092,0.768,67.6,0.805,-0.133,0.755
3.879,7.306,0.509,53.9,0.73,-0.007,0.815
3.333,7.428,0.637,57.44,0.835,-0.012,0.081
5.831,8.428,0.69,58.1,0.713,0.045,0.714
4.812,7.976,0.748,60.2,0.763,0.227,0.824
7.294,10.908,0.906,72.7,0.89,0.133,0.518
7.514,10.878,0.96,71.5,0.941,0.222,0.191
3.164,8.563,0.588,60.54,0.467,0.316,0.673
3.87,7.904,0.477,51.98,0.773,-0.142,0.849
3.603,7.721,0.675,52.2,0.726,-0.056,0.803
5.577,9.402,0.798,67.2,0.802,-0.09,0.884
4.783,9.599,0.785,59.7,0.719,-0.197,0.823
4.029,7.431,0.616,47.2,0.525,0.052,0.82
5.839,10.638,0.869,72.88,0.57,0.113,0.908
6.155,10.37,0.923,71.72,0.882,0.296,0.6606
7.28,10.571,0.958,72.36,0.944,0.237,0.312
5.433,9.782,0.862,65.8,0.867,-0.15,0.762
7.858,10.783,0.962,71.9,0.938,-0.127,0.199
6.189,10.613,0.882,68.68,0.63,-0.03,0.846
5.971,10.593,0.811,73.0,0.591,0.026,0.862
6.647,10.543,0.808,70.9,0.575,-0.19,0.845
3.846,7.403,0.727,48.18,0.612,-0.101,0.887
7.257,10.798,0.95,73.3,0.911,0.317,0.411
5.783,9.369,0.797,66.84,0.703,-0.066,0.87
3.058,8.09875,0.789,56.7,0.553,-0.1175,0.793
6.55,9.903,0.858,68.3,0.816,-0.179,0.809
7.137,10.76,0.937,74.2,0.905,0.21,0.491
7.509,11.134,0.93,74.1,0.926,0.101,0.301
4.014,7.593,0.761,45.92,0.555,-0.072,0.761
7.048,10.891,0.926,72.4,0.889,0.08,0.524
3.145,7.943,0.75,56.201,0.677,-0.047,0.821
5.472,8.464,0.685,58.5,0.773,0.069,0.799
6.483,10.623,0.88,73.8,0.693,-0.084,0.866
5.789,9.911,0.804,68.78,0.64,0.084,0.741
6.057,10.671,0.913,72.84,0.568,-0.018,0.933
5.646,10.133,0.905,67.46,0.868,-0.067,0.908
3.993,9.813,0.829,66.0,0.603,-0.191,0.962
6.66,9.647,0.89,65.02,0.849,-0.07066666666666667,0.623
4.988,7.752,0.755,52.2,0.67,-0.038,0.846
4.413,9.354,0.719,59.0,0.666,-0.052,0.799
3.844,9.715,0.832,65.1,0.566,-0.138,0.976
6.294,9.125222222222222,0.792,63.813,0.88,0.1308888888888889,0.91
5.956,8.883,0.757,62.22,0.874,0.022,0.782
6.011,9.396,0.918,62.7,0.718,0.141,0.843
6.262,9.064,0.774,65.1,0.901,-0.062,0.773
7.579,11.05,0.95,73.1,0.953,0.236,0.25
4.832,9.639,0.78,58.7,0.699,-0.204,0.817
5.514,10.166,0.851,65.6,0.653,-0.016,0.806
4.568,9.386,0.753,62.26,0.522,-0.207,0.871
5.548,10.606,0.83,69.14,0.642,-0.017,0.785
6.467,10.674,0.878,73.0,0.803,-0.118,0.656
6.958,11.562,0.939,71.44,0.939,0.127,0.432
5.297,8.543,0.898,64.1,0.945,0.267,0.907
5.129,9.489,0.633,63.14,0.601,0.052,0.868
6.547,9.62,0.907,65.8,0.799,-0.016,0.771
5.417,10.146,0.798,69.0,0.672,-0.065,0.884
4.438,9.838,0.886,66.1,0.576,-0.055,0.955
4.759,8.533,0.74,50.102,0.737,0.037,0.878
4.737,8.039,0.816,62.4,0.845,0.134,0.77
5.392,9.348,0.846,60.52,0.705,-0.071,0.888
7.615,9.639,0.9,69.76,0.886,0.065,0.787
4.271,8.09,0.76,49.5,0.794,-0.03,0.867
3.701,7.196,0.594,49.14,0.79,0.115,0.776
6.062,10.539,0.819,73.5,0.812,0.043,0.851
4.434,8.545,0.763,59.3,0.899,0.561,0.682
5.729,10.144,0.881,65.64,0.671,-0.043,0.804
4.756,10.257,0.832,71.74,0.369,-0.288,0.93
6.356,10.771,0.868,66.3,0.855,-0.192,0.5446666666666667
4.314,8.526,0.802,57.0,0.467,-0.112,0.711
5.937,10.706,0.877,66.3,0.862,-0.001,0.715
5.801,9.406,0.94,65.3,0.854,-0.071,0.756
4.225,8.703,0.617,60.9,0.906,0.075,0.78
6.844,10.059,0.862,69.46,0.733,0.217,0.758
5.786,9.966,0.77,65.76,0.84,-0.016,0.842
4.669,9.312,0.773,66.7,0.365,-0.128,0.933
5.786,9.543,0.912,67.44,0.807,-0.113,0.477
6.41,9.893,0.8,68.0,0.861,-0.202,0.801
6.734,11.367,0.903,65.92,0.898,-0.033,0.203
6.35,9.598,0.873,68.0,0.822,-0.172,0.854
7.085,11.342,0.947,72.4,0.879,0.077,0.363
4.32,9.249,0.676,65.52,0.502,-0.215,0.893
5.28,8.472,0.739,65.3,0.777,-0.009,0.742
7.482,10.739,0.9357,71.66,0.93,0.249,0.406
4.73,7.918,0.624,47.18,0.717,0.056,0.89
4.589,8.634,0.798,60.2,0.861,0.083,0.817
7.245,10.773,0.924,73.2,0.912,0.211,0.385
6.854,10.779,0.931,70.8,0.807,0.022,0.697
5.167,9.656,0.829,67.1,0.607,-0.066,0.907
4.462,7.879,0.619,56.9,0.914,0.045,0.888
6.636,9.931,0.857,68.9,0.786,0.108,0.702
5.145,10.112,0.855,63.88,0.63,-0.203,0.926
6.106,10.817,0.842,66.9,0.867,-0.104,0.5805
3.986,8.449,0.687,56.0,0.852,-0.038,0.945
3.462,8.442,0.464,55.2,0.448,0.045,0.685
6.027,10.599,0.898,72.96,0.624,-0.065,0.92
3.202,7.078,0.435,49.26,0.628,-0.007,0.85
6.229,10.3,0.928,67.4,0.82,-0.078,0.809
2.523,7.695,0.463,52.493,0.382,-0.102,0.924
5.267,8.276,0.51,56.42,0.376,0.03,0.857
4.647,7.627,0.785,53.4,0.614,-0.063,0.727
6.897,10.53,0.964,71.3,0.906,-0.127,0.884
2.839,7.247,0.444,53.02,0.663,-0.085,0.795
4.758,7.647,0.539,51.6,0.6,0.121,0.707
5.121,7.264,0.712,56.9,0.706,0.051,0.828
3.846,7.417,0.679,40.38,0.465,0.261,0.812
4.141,7.907,0.697,58.5,0.94,0.35,0.896
6.366,10.339,0.913,68.6,0.714,-0.055,0.92
7.496,10.79,0.97,71.9,0.905,0.141,0.253
5.385,10.091,0.79,68.0,0.517,-0.198,0.977
5.364,10.282,0.889,67.22,0.697,-0.192,0.793
6.388,9.564,0.89,66.8,0.791,-0.1,0.843
4.434,8.048,0.738,48.7,0.817,-0.029,0.87
7.079,10.536,0.864,72.7,0.753,0.108,0.789
6.025,9.277,0.91,65.22,0.805,-0.015,0.808
6.019,8.865,0.781,61.68,0.862,-0.015,0.84
5.803,9.475,0.809,65.7,0.784,-0.092,0.884
5.474,9.651,0.982,62.6,0.892,0.285,0.888
5.813,9.59,0.87,68.098,0.706,0.113,0.931
4.895,10.097,0.901,65.4,0.464,-0.125,0.915
6.325,8.974,0.827,64.8,0.716,-0.15,0.772
5.261,8.4,0.905,62.76,0.948,0.013,0.61
4.178,9.111,0.68,65.1,0.441,-0.214,0.882
6.441,10.066,0.927,67.3,0.73,-0.126,0.855
6.631,10.217,0.873,69.1,0.894,0.002,0.847
5.498,10.97,0.832,76.82,0.8,0.1,0.403
4.612,9.383,0.863,66.6,0.902,0.319,0.859
4.704,8.548,0.691,56.3,0.882,0.459,0.587
7.369,10.861,0.912,72.4,0.918,0.146,0.246
3.746,8.336,0.663,54.3,0.638,-0.173,0.754
6.465,9.003,0.823,63.9,0.869,0.051,0.822
5.002,8.756,0.813,61.0,0.914,0.053,0.771
4.782,9.616,0.807,59.2,0.652,-0.228,0.868
3.808,7.953,0.798,46.6,0.729,-0.099,0.743
4.667,10.136,0.836,63.52,0.7,-0.167,0.924
4.934,8.458,0.651,58.709,0.726,0.098,0.787
4.061,8.236,0.682,54.3,0.706,-0.171,0.793
7.603,11.033,0.947,72.9,0.948,0.257,0.299
4.596,9.266,0.691,67.201,0.656,-0.201,0.87
5.677,9.278,0.869,64.62,0.666,0.191,0.756
5.325,9.51,0.742,68.7,0.8475,-0.228,0.755
4.785,7.487,0.71,50.24,0.725,-0.105,0.707
6.91,10.67,0.932,72.2,0.927,0.179,0.595
5.213,9.838,0.755,64.04,0.456,-0.227,0.853
6.162,10.291,0.943,68.0,0.587,-0.128,0.928
4.625,7.288,0.72,56.498,0.735,0.05,0.85
5.845,10.491,0.888,73.68,0.73,-0.21,0.74
4.751,8.474,0.751,62.073750000000004,0.522,-0.127,0.75
7.392,11.053,0.954,73.3,0.96,0.093,0.27
6.276,10.567,0.826,73.7,0.794,-0.022,0.848
5.795,9.304,0.818,66.96,0.788,-0.155,0.702
5.318,9.649,0.816,67.0,0.546,-0.062,0.859
6.32,10.072,0.88,69.8,0.79,-0.02,0.836
6.635,10.711,0.931,73.6,0.834,-0.123,0.601
4.811,8.989,0.875,65.34,0.668,-0.071,0.895
4.967,7.87,0.701,62.88,0.693,0.063,0.764
5.08,9.061,0.781,62.1,0.932,-0.116,0.744
4.818,8.581,0.663,47.58,0.622,0.051,0.905
5.984,9.579,0.871,67.7,0.851,-0.148,0.855
5.436,8.336,0.552,57.08,0.543,0.14,0.677
6.491,10.571,0.932,74.7,0.761,-0.081,0.745
4.68,7.903,0.718,54.06,0.698,-0.002,0.827
5.085,8.783,0.833,63.8,0.579,-0.218,0.875
4.654,7.162,0.738,54.2,0.897,0.049,0.691
4.64,9.476,0.638,68.4,0.75,-0.029,0.876
6.391,10.504,0.953,68.5,0.824,-0.122,0.829
5.491,9.565,0.796,64.6,0.703,0.0028888888888888883,0.945
4.522,8.281,0.653,56.98,0.679,-0.026,0.895
4.097,7.369,0.57,56.82,0.829,-0.039,0.161
6.012,9.557,0.847,68.001,0.837,-0.135,0.841
4.825,9.304,0.943,61.4,0.752,0.146,0.909
6.345,10.798,0.82,65.4,0.82,-0.045,0.5446666666666667
5.387,9.582,0.891,64.68,0.905,-0.02,0.76
5.821,9.86,0.917,66.4,0.657,-0.186,0.546
5.266,10.016,0.931,67.0,0.788,-0.096,0.932
5.284,8.96,0.66,59.5,0.915,0.141,0.748
5.057,9.3,0.947,61.9,0.76,0.09,0.9
6.263,10.532,0.917,73.98,0.814,-0.052,0.734
4.71,10.032,0.884,63.16,0.641,-0.229,0.937
4.277,9.277,0.723,65.68,0.504,-0.195,0.9
2.817,,0.557,51.0,0.456,,0.761
4.223,8.039,0.909,50.22,0.616,-0.02,0.86
4.846,8.911,0.748,67.24,0.853,-0.092,0.755
7.266,10.74,0.903,71.76,0.864,0.221,0.292
4.574,9.161,0.818,56.799,0.719,-0.149,0.847
6.804,10.986,0.897,68.5,0.758,0.144,0.739
4.517,8.485,0.826,62.25,0.653,-0.163,0.821
4.809,8.278,0.756,54.0,0.644,-0.052,0.832
4.245,8.065,0.743,49.1,0.766,-0.032,0.898
5.959,10.57,0.924,74.34,0.821,-0.147,0.65
5.177,9.033,0.708,63.813,0.451,0.17,0.967
4.804,9.38,0.852,60.12,0.624,-0.257,0.929
5.94,10.611,0.884,75.1,0.796,-0.258,0.638
4.817,9.465,0.684,62.64,0.601,-0.029,0.715
5.39,10.383,0.754,70.8,0.524,-0.102,0.771
6.317,9.859,0.831,68.597,0.862,-0.147,0.799
7.141,9.874,0.876,71.3,0.942,-0.107,0.781
4.035,6.907,0.563,53.46,0.752,0.078,0.857
5.064,7.665,0.701,61.52,0.816,0.018,0.723
6.234,9.571,0.882,67.1,0.835,-0.1,0.898
6.408,9.384,0.893,65.7,0.816,-0.05,0.815
5.311,8.339,0.894,62.32,0.831,-0.023,0.499625
3.899,8.014,0.606,59.26,0.956,0.247,0.89
6.039,10.491,0.793,71.3,0.443,-0.293,0.959
4.005,9.338,0.759,61.7,0.682,-0.215,0.8351428571428572
5.025,8.454,0.693,64.8,0.877,-0.041,0.682
3.973,8.028,0.621,57.2,0.56,0.086,0.794
4.256,8.111,0.805,55.5,0.635,0.019,0.918
6.217,9.576,0.898,65.5,0.86,0.536,0.917
7.332,10.601,0.946,73.5,0.834,0.085,0.743
4.722,8.457,0.775,62.073750000000004,0.657,-0.147,0.804
4.416,7.733,0.692,51.7,0.737,-0.034,0.793
6.474,10.792,0.89,65.7,0.774,-0.132,0.5446666666666667
5.934,8.956,0.806,64.6,0.683,-0.155,0.786
3.977,7.622,0.733,47.78,0.634,0.008,0.819
6.049,10.008,0.905,66.701,0.867,-0.054,0.789
4.254,9.332,0.533,64.92,0.659,-0.269,0.321
5.354,9.244,0.804,69.1,0.829,-0.157,0.855
3.795,9.017,0.755,54.6,0.375,-0.168,0.834
5.385,9.875,0.792,65.44,0.874,-0.009,0.858
5.095,10.368,0.864,70.8,0.721,-0.106,0.948
6.375,9.578,0.912,66.0,0.807,-0.1,0.781
6.188,10.529,0.95,72.9,0.796,-0.138,0.84
4.435,9.462,0.833,67.2,0.859,0.106,0.856
6.802,10.699,0.97,70.46,0.838,0.336,0.498
5.127,10.325,0.862,71.6,0.847,-0.126,0.941
5.362,11.0,0.831,76.82,0.831,0.14,0.416
4.134,7.254,0.812,43.9,0.726,0.012,0.91
4.414,8.271,0.373,55.4,0.335,0.1,0.848
7.061,11.634,0.905,72.6,0.903,0.044,0.33
5.771,10.218,0.919,64.9,0.503,-0.273,0.957
3.352,7.477,0.584,55.3,0.304,0.291,0.839
4.24,8.12,0.778,49.9,0.795,-0.071,0.856
4.557,9.287,0.809,61.1,0.656,-0.141,0.818
5.576,9.158,0.9,64.28,0.718,0.027,0.857
7.195,10.939,0.964,73.3,0.903,0.06,0.457
6.325,9.026,0.826,64.5,0.915,-0.059,0.8
3.902,7.619,0.567,50.66,0.693,0.091,0.815
6.962,11.332,0.938,72.3,0.861,0.144,0.362
6.891,11.598,0.875,72.42,0.938,0.106,0.366
6.918,10.679,0.937,71.54,0.905,0.346,0.568
6.424,9.977,0.919,67.18,0.637,-0.13,0.885
5.449,10.248,0.9,66.8,0.554,-0.187,0.924
4.278,9.5115,0.674,66.0,0.603,0.16957142857142857,0.703
4.559,7.37,0.661,47.7,0.615,0.008,0.792
6.733,10.677,0.922,72.2,0.924,0.087,0.689
6.628,9.932,0.891,68.7,0.917,-0.032,0.673
5.685,8.567,0.877,64.4,0.92,-0.002,0.885
7.45,10.722,0.955,72.2,0.932,0.317,0.366
4.517,6.797,0.744,50.34,0.631,-0.025,0.856
7.093,10.642,0.94,71.3,0.895,-0.093,0.688
7.971,10.88,0.954,70.08,0.97,0.272,0.248
5.14,9.443,0.664,64.62,0.73,0.216,0.685
6.417,10.759,0.926,70.48,0.801,0.167,0.792
6.333,9.583,0.905,66.2,0.765,-0.175,0.794
4.976,8.098,0.442,54.7,0.77,-0.016,0.698
7.062,11.383,0.822,75.68,0.835,0.154,0.133
5.722,9.913,0.887,68.9,0.802,0.06,0.845
5.516,9.583,0.899,68.4,0.74,0.138,0.916
4.892,9.617,0.675,64.3,0.811,-0.26,0.647
4.451,9.517,0.59,64.7,0.821,-0.244,0.59
4.977,8.805,0.846,61.2,0.907,0.021,0.756
4.772,8.47,0.857,54.5,0.669,0.055,0.727
7.287,10.873,0.914,72.5,0.935,0.17,0.239
3.254,7.578,0.79,55.9,0.595,-0.147,0.8157142857142857
6.519,10.332,0.954,69.5,0.762,-0.075,0.901
2.694,7.692,0.508,52.6,0.374,-0.094,0.928
6.561,11.085,0.844,67.333,0.932,0.074,0.589
6.25,10.419,0.934,68.1,0.779,-0.042,0.926
6.291,10.487,0.937,73.14,0.755,-0.059,0.844
5.455,9.724,0.805,67.1,0.552,-0.206,0.757
3.818,8.779,0.638,60.1,0.89,0.085,0.805
5.793,10.648,0.808,74.2,0.711,-0.106,0.665
4.499,8.399,0.706,64.3,0.901,-0.043,0.701
6.702,11.617,0.934,72.6,0.932,0.052,0.375
4.838,9.928,0.926,66.4,0.7,-0.17,0.936
6.665,10.563,0.949,71.4,0.945,-0.102,0.785
5.996,9.105,0.826,61.94,0.602,-0.05,0.955
5.233,9.739,0.759,65.52,0.657,-0.012,0.939
3.98,7.376,0.711,54.04,0.5031428571428572,-0.039,0.822
5.569,9.001,0.911,65.9,0.512,-0.117,0.813
4.948,7.688,0.805,56.1,0.704,0.139,0.826
6.378,11.486,0.925,77.1,0.938,0.027,0.07
5.908,8.643,0.827,67.2,0.872,0.099,0.804
7.076,10.881,0.928,72.1,0.9,0.099,0.557
5.102,9.638,0.828,66.68,0.533,-0.1,0.908
6.173,10.62,0.848,69.7,0.945,0.132,0.582
5.536,10.576,0.82,73.898,0.795,0.012,0.626
6.537,10.738714285714286,0.893,69.14,0.814,0.00014285714285713902,0.718
6.698,10.42,0.888,68.52,0.726,-0.156,0.916
3.307,8.155,0.638,55.8,0.811,0.077,0.832
4.462,9.303,0.695,59.6,0.628,0.0,0.757
5.006,9.5115,0.698,66.3,0.623,0.16957142857142857,0.728
4.865,9.883,0.908,66.2,0.637,-0.2,0.941
4.635,8.387,0.553,57.7,0.838,-0.038,0.908
4.115,7.607,0.747,47.16,0.495,-0.012,0.918
4.464,9.222,0.614,65.46,0.568,-0.176,0.899
5.332,10.347,0.896,65.32,0.712,-0.246,0.743
7.375,10.881,0.931,72.6,0.942,0.077,0.263
5.57,9.174,0.889,64.06,0.649,0.057,0.891
4.547,8.161,0.831,56.62,0.628,0.066,0.911
4.996,9.191,0.839,66.26,0.67,-0.063,0.83
6.035,10.511,0.934,68.8,0.887,-0.096,0.576
6.457,10.618,0.949,74.7,0.778,-0.049,0.73
3.889,7.477,0.554,50.54,0.509,0.285,0.708
7.191,10.536,0.954,72.12,0.935,0.284,0.269
4.741,8.029,0.729,47.72,0.698,-0.017,0.925
4.682,7.729,0.857,46.7,0.665,-0.093,0.828
4.939,9.167,0.88,59.9,0.834,0.268,0.65
7.499,10.883,0.95,71.82,0.922,0.168,0.679
6.17,10.781,0.863,68.1,0.889,0.088,0.582
6.591,10.599,0.93,72.2,0.916,0.345,0.696
4.721,9.584,0.71,66.3,0.608,0.218,0.714
4.876,9.192,0.715,65.28,0.603,-0.199,0.913
4.944,8.434,0.866,64.48,0.836,0.14,0.826
5.559,8.998,0.805,64.2,0.877,-0.054,0.868
6.515,10.712,0.936,71.7,0.833,0.3,0.456
4.472,9.383,0.673,62.3,0.77,-0.112,0.8351428571428572
5.985,8.953,0.83,63.18,0.884,0.045,0.817
7.157,10.575,0.939,73.503,0.8,0.031,0.753
4.476,8.306,0.715,59.5,0.853,0.234,0.854
4.197,8.209,0.667,45.78,0.76,-0.153,0.902
3.569,7.746,0.793,55.3,0.9323,0.255,0.829
4.815,8.943,0.675,60.12,0.596,0.164,0.968
4.931,9.447,0.858,51.46,0.835,-0.154,0.819
4.965,8.445,0.676,55.24,0.794,-0.065,0.88
4.794,7.158,0.744,54.706,0.882,0.061,0.684
6.392,9.296,0.822,63.813,0.89,0.269,0.922
6.151,10.02,0.888,70.1,0.781,0.033,0.812
5.901,10.307,0.913,66.8,0.608,-0.212,0.799
5.939,9.765,0.877,67.0,0.923,0.212,0.884
4.426,8.541,0.779,59.302,0.876,0.509,0.66
4.574,9.399555555555557,0.805,66.9,0.612,-0.163,0.811
6.931,9.935,0.922,68.1,0.707,0.06,0.881
6.467,10.738714285714286,0.896,69.14,0.741,0.00014285714285713902,0.736
6.579,10.074,0.841,69.7,0.652,0.102,0.858
7.243,11.645,0.902,72.6,0.884,-0.022,0.385
3.674,8.068,0.651,59.64,0.941,0.164,0.812
3.647,7.926,0.823,57.48,0.636,-0.052,0.837
5.027,8.204,0.569,56.14,0.729,-0.051,0.862
5.58,10.124,0.863,65.36,0.649,-0.024,0.764
5.477,11.0,0.836,76.82,0.717,0.067,0.403
6.11,9.522,0.831,66.8,0.786,-0.053,0.729
4.424,7.324,0.685,55.3,0.733,-0.012,0.867
4.703,8.383,0.822,62.25,0.504,-0.117,0.752
5.964,9.782,0.779,68.9,0.873,-0.119,0.778
4.079,7.368,0.626,58.7,0.57,-0.033,0.847
4.785,9.167,0.708,61.4,0.7,-0.021,0.849
5.594,9.002,0.851,61.8,0.926,-0.141,0.711
5.108,10.047,0.948,67.0,0.822,-0.109,0.943
5.272,9.996,0.692,64.64,0.446,-0.242,0.649
7.157,10.751,0.943,72.5,0.854,0.271,0.485
5.774,10.361,0.908,71.6,0.802,0.287,0.6606
4.735,9.456,0.86,63.8,0.824,-0.075,0.78
5.911,10.618,0.882,74.9,0.849,-0.206,0.659
4.219,9.569,0.687,63.4,0.501,-0.123,0.858
5.488,9.522,0.782,67.2,0.844,-0.172,0.583
5.006,7.812,0.767,54.3,0.764,-0.058,0.597
6.241,10.043,0.913,66.7,0.893,-0.053,0.81
6.959,10.671,0.921,72.4,0.903,-0.102,0.627
7.257,10.6,0.952,73.6,0.918,0.125,0.283
3.834,7.904,0.602,56.56,0.641,-0.16,0.87
4.785,8.481,0.75,54.82,0.567,0.052,0.747
4.586,8.92,0.904,60.2,0.631,0.099,0.928
4.339,7.406,0.701,59.5,0.55,-0.012,0.72
4.451,9.104,0.741,57.1,0.666,-0.104,0.81
5.374,8.686,0.834,59.0,0.77,-0.044,0.794
5.252,9.607,0.799,64.36,0.733,-0.208,0.654
5.044,8.366,0.807,54.96,0.886,0.416,0.637
5.304,9.564,0.777,64.9,0.713,-0.204,0.607
5.954,10.046,0.93,63.14,0.567,-0.295,0.967
4.882,9.181,0.76,64.9,0.605,-0.251,0.817
3.447,7.449,0.611,52.4,0.718,0.074,0.874
6.012,9.803,0.873,67.2,0.905,0.259,0.907
5.938,10.429,0.936,68.4,0.862,-0.101,0.668
3.467,9.782,0.784,59.269,0.824,-0.246,0.801
6.935,10.784,0.927,71.04,0.855,-0.05,0.758
4.979,8.654,0.842,64.0,0.748,0.082,0.688
4.72,10.243,0.687,71.68,0.426,-0.272,0.941
5.173,9.069,0.825,60.62,0.878,0.438,0.962
4.683,8.072,0.744,59.2,0.687,-0.044,0.825
5.701,9.426,0.803,67.5,0.83,-0.134,0.866
6.162,10.266,0.917,68.5,0.871,-0.091,0.848
5.744,8.538,0.893,64.401,0.935,0.119,0.908
5.648,9.865,0.785,65.3,0.824,0.176,0.879
5.41,9.622,0.827,62.3,0.771,-0.087,0.667
3.8,9.638,0.733,56.84,0.682,-0.146,0.78
5.882,10.121,0.914,64.0,0.745,-0.035,0.755
4.556,6.925,0.818,49.92,0.78,-0.055,0.549
6.947,10.475,0.809,71.66,0.682,-0.048,0.827
7.591,10.777,0.979,72.76,0.905,0.241,0.759
5.171,9.569,0.836,65.656,0.814,-0.223,0.506
5.876,9.839,0.923,64.04,0.723,-0.177,0.653
6.128,9.764,0.951,67.9,0.882,-0.047,0.912
6.275,8.602,0.839,66.38,0.817,0.104,0.699
6.137,10.585,0.776,73.9,0.74,-0.008,0.865
7.277,10.643,0.948,73.4,0.929,0.134,0.242
6.965,10.876,0.962,71.7,0.902,0.302,0.573
5.528,,0.611,49.6,0.874,,0.456
5.451,9.59,0.832,49.86,0.858,-0.164,0.806
5.131,9.222,0.863,65.1,0.624,-0.135,0.732
4.609,8.833,0.881,58.82,0.781,0.064,0.918
5.887,10.085,0.955,67.3,0.795,0.002,0.905
6.168,10.285,0.883,62.82,0.847,0.128,0.948
4.996,8.329,0.885,61.1,0.72,-0.072,0.926
5.283,9.777,0.863,67.74,0.503,0.097,0.768
4.971,6.979,0.818,48.32,0.639,-0.024,0.719
7.115,10.913,0.922,68.68,0.863,0.161,0.697
4.854,9.24,0.746,60.583,0.63,-0.053,0.875
6.036,10.426,0.931,69.4,0.907,-0.025,0.893
4.859,8.935,0.705,58.7,0.907,0.141,0.634
7.331,10.57,0.916,73.1,0.768,0.145,0.793
7.309,10.779,0.952,72.7,0.922,0.332,0.357
4.206,7.596,0.764,52.9,0.645,-0.001,0.721
6.313,9.942,0.938,66.82,0.733,-0.157,0.852
4.156,7.829,0.675,56.1,0.819,0.116,0.879
5.514,9.94,0.904,60.2,0.785,-0.215,0.823
4.535,8.073,0.728,52.34,0.849,0.213,0.814
3.471,9.785,0.774,59.6,0.833,-0.239,0.792
4.149,8.533,0.682,53.66,0.573,-0.072,0.586
5.992,10.358,0.943,68.0,0.755,-0.186,0.876
5.955,10.622,0.927,73.2,0.624,-0.081,0.903
7.173,10.389,0.927,71.12,0.817,0.1112,0.905
5.493,8.543,0.818,47.12,0.652,0.066,0.9
5.082,9.219,0.848,60.2,0.83,0.277,0.634
5.095,8.445,0.903,63.2,0.948,-0.03,0.519
6.255,10.499,0.935,67.906,0.773,-0.203,0.826
7.303,10.861,0.914,71.4,0.896,0.131,0.546
4.66,9.246,0.73,59.12,0.315,-0.02,0.789
6.355,9.335,0.818,65.14,0.48375,-0.12225,0.7095
3.559,9.239,0.675,60.48,0.474,-0.141,0.913
3.918,9.644,0.829,57.52,0.607,-0.198,0.782
7.671,10.796,0.951,70.08,0.934,0.028,0.217
4.001,7.638,0.74,55.3,0.772,0.06,0.816
4.937,8.203,0.711,53.5,0.712,-0.008,0.817
6.013,8.668,0.853,66.9,0.717,0.039,0.731
5.347,9.377,0.802,62.3,0.866,0.555,0.861
5.205,10.104,0.768,68.4,0.694,-0.096,0.849
6.927,10.585,0.91,73.3,0.725,0.055,0.77
3.435,7.36,0.724,43.18,0.306,0.028,0.961
5.0,9.129,0.706,63.813,0.441,0.012,0.775
3.412,7.632,0.638,50.88,0.684,0.006,0.705
5.225,8.218,0.591,54.2,0.63,0.0839,0.844
5.792,9.111,0.869,61.62,0.628,-0.082,0.957
6.949,10.819,0.929,71.6,0.866,-0.056,0.497
4.636,7.677,0.781,56.101,0.709,0.122,0.855
5.163,8.872,0.606,65.0,0.713,-0.228,0.842
5.006,9.399555555555557,0.887,66.5,0.611,-0.163,0.828
5.563,9.418,0.946,62.5,0.711,0.149,0.873
4.667,7.643,0.796,48.76,0.823,-0.101,0.726
4.198,8.174,0.633,53.66,0.757,0.005,0.89
5.265,10.015,0.954,66.0,0.542,-0.05,0.946
7.109,10.8,0.925,73.8,0.912,0.112,0.436
5.882,10.008,0.909,66.4,0.867,-0.073,0.785
5.225,9.812,0.91,62.88,0.656,-0.168,0.672
3.83,6.678,0.554,44.88,0.767,0.2,0.676
5.759,10.03,0.892,61.24,0.84,-0.171,0.877
5.653,9.448,0.892,65.9,0.876,0.028,0.882
7.694,11.136,0.949,74.4,0.913,0.036,0.294
4.461,9.579,0.726,66.2,0.463,-0.17,0.965
6.984,10.663,0.979,69.9,0.922,0.31880000000000003,0.398
5.838,9.244,0.839,66.8,0.723,-0.063,0.806
5.781,8.797,0.807,61.0,0.703,-0.068,0.781
4.999,8.071,0.864,50.84,0.663,0.003,0.882
7.103,10.776,0.926,73.8,0.915,0.089,0.415
6.113,8.595,0.874,67.8,0.883,0.029,0.622
3.956,7.988,0.719,55.34,0.534,-0.121,0.651
5.961,9.344,0.785,67.12,0.825,-0.084,0.73
5.178,9.788,0.927,65.5,0.658,-0.125,0.664
6.697,10.083,0.926,68.2,0.881,-0.174,0.851
7.672,10.745,0.965,69.76,0.969,-0.005,0.132
5.249,9.354,0.807,65.7,0.437,-0.167,0.7
4.55,8.296,0.813,54.56,0.412,-0.056,0.734
5.547,8.896,0.854,61.6,0.912,-0.051,0.755
5.869,9.05,0.846,61.9,0.918,-0.108,0.726
5.389,10.129,0.883,61.42,0.626,-0.279,0.935
6.69,10.704,0.942,74.0,0.822,-0.147,0.571
3.812,7.965,0.721,54.7,0.529,0.005,0.741
6.874,10.858,0.906,71.6,0.871,0.148,0.446
4.325,9.333,0.709,66.3,0.611,-0.17,0.921
6.007,10.785,0.853,67.7,0.85,0.112,0.582
6.85,11.52,0.866,66.7,0.8945000000000001,0.104,0.184
6.229,10.691,0.831,69.6,0.677,0.005,0.821
7.433,10.489,0.893,72.46,0.722,0.141,0.891
5.368,9.114,0.834,60.84,0.77,0.354,0.962
3.919,8.192,0.622,54.96,0.773,-0.112,0.8
5.554,10.199,0.914,63.82,0.621,-0.259,0.961
4.898,7.777,0.824,45.74,0.618,-0.087,0.768
5.578,9.3,0.837,63.6,0.557,-0.047,0.969
7.575,10.824,0.983,73.0,0.949,0.16,0.644
5.054,9.69,0.75,65.56,0.787,0.131,0.877
5.344,10.223,0.859,66.4,0.558,-0.198,0.908
7.564,10.875,0.938,71.52,0.925,0.336,0.359
3.743,7.457,0.734,45.1,0.505,0.025,0.858
5.92,10.434,0.887,72.4,0.877,-0.261,0.88
4.041,9.01,0.902,66.1,0.458,-0.155,0.89
4.863,8.824,0.811,67.06,0.8475,-0.176,0.755
3.883,8.121,0.693,60.02,0.938,0.239,0.843
3.639,7.364,0.646,44.62,0.401,0.021,0.931
5.104,7.987,0.857,63.5,0.703,0.01,0.632
4.93,9.343,0.766,64.22,0.7495,-0.127,0.709
5.252,8.548,0.741,49.7,0.79,-0.01,0.866
6.513,10.605,0.91,74.4,0.722,-0.075,0.777
5.223,10.074,0.885,59.26,0.593,-0.284,0.933
5.923,10.575,0.9,74.52,0.838,-0.139,0.617
4.212,9.049,0.83,66.02,0.799,0.306,0.69
5.767,8.585,0.898,66.66,0.818,0.105,0.742
5.032,9.878,0.721,65.2,0.678,0.073,0.949
6.866,10.975,0.885,66.28,0.849,0.019,0.339
2.693,6.785,0.29,44.9,0.624,0.033,0.859
6.68,9.847,0.782,67.22,0.779,-0.094,0.63
6.073,10.018,0.862,66.94,0.653,-0.141,0.881
6.56,10.701,0.89,66.9,0.884,-0.111,0.5446666666666667
7.175,10.798,0.923,73.6,0.946,0.106,0.372
7.51,10.904,0.985,73.0,0.952,0.281,0.719
6.58,9.822,0.931,65.74,0.766,-0.226,0.772
6.904,10.81,0.885,71.4,0.869,0.062,0.469
6.221,11.025,0.889,65.2,0.934,-0.010199999999999997,0.5805
5.119,9.36,0.959,64.98,0.759,-0.002,0.762
6.032,10.315,0.927,67.1,0.715,-0.162,0.8
7.14,9.668,0.91,65.28,0.785,-0.095,0.707
7.889,10.75,0.962,72.1,0.962,-0.116,0.164
5.392,8.564,0.679,50.1,0.736,-0.017,0.799
5.386,8.869,0.655,65.3,0.817,-0.237,0.717
6.042,9.788,0.852,69.0,0.843,0.149,0.824
5.903,10.661,0.783,73.9,0.706,-0.055,0.718
7.305,10.526,0.946,71.2,0.932,0.312,0.224
5.65,10.374,0.938,68.2,0.843,-0.149,0.639
6.607,9.512,0.901,66.36,0.841,-0.071,0.898
5.866,8.49,0.803,65.5,0.646,0.105,0.82
5.659,11.0,0.856,76.82,0.727,0.067,0.432
7.025,10.73,0.931,74.0,0.887,0.05,0.434
5.428,10.252,0.842,67.2,0.916,0.123,0.782
6.037,10.171,0.932,62.68,0.744,-0.265,0.869
6.004,9.821,0.884,66.1,0.877,-0.123,0.746
6.151,10.26,0.818,67.2,0.845,-0.217,0.921
6.525,9.825,0.879,66.32,0.67,-0.095,0.747
5.168,9.036,0.848,59.7,0.817,-0.13520000000000001,0.8351428571428572
5.856,8.935,0.802,62.82,0.865,0.02,0.821
4.639,9.196,0.8,66.8,0.762,-0.186,0.7176666666666667
6.149,9.262,0.792,63.813,0.858,0.117,0.925
5.164,7.087,0.612,53.5,0.791,0.009,0.637
5.297,9.236,0.829,66.44,0.64,-0.094,0.801
6.359,10.871,0.891,69.14,0.76,-0.07,0.743
5.885,9.461,0.894,64.14,0.863,0.331,0.935
4.521,9.262,0.702,66.3,0.614,-0.165,0.811
4.385,7.549,0.774,50.5,0.562,0.256,0.93
6.637,9.438,0.883,63.3,0.882,-0.07066666666666667,0.745
6.488,10.563,0.89,74.0,0.718,-0.15,0.844
3.561,7.644,0.616,61.1,0.924,0.057,0.164
6.831,11.105,0.849,66.7,0.949,0.131,0.377
4.695,8.48,0.766,62.073750000000004,0.556,-0.153,0.774
4.748,7.638,0.787,57.7,0.413,0.317,0.891
5.1,7.973,0.837,61.3,0.839,0.168,0.817
5.088,9.314,0.919,62.68,0.858,0.038,0.755
5.476,9.508,0.893,65.16,0.868,0.525,0.904
3.16,7.829,0.717,56.8,0.643,-0.009,0.789
7.589,10.851,0.965,71.06,0.92,0.215,0.17
7.415,10.744,0.948,72.52,0.918,0.29,0.466
5.764,9.313,0.821,68.8,0.842,-0.124,0.843
4.543,8.437,0.617,48.3,0.769,-0.043,0.757
4.342,8.604,0.61,58.9,0.777,-0.005,0.776
5.767,8.915,0.803,62.02,0.846,-0.067,0.812
6.833,10.558,0.812,72.16,0.775,0.054,0.801
6.033,8.474,0.824,65.26,0.661,0.119,0.857
5.397,9.475,0.872,64.02,0.848,0.014,0.788
6.463,11.168,0.904,73.6,0.757,0.138,0.08022222222222222
6.568,8.989,0.924,59.44,0.8095,-0.102,0.888
3.801,9.116,0.544,64.88,0.495,-0.233,0.535
6.536,8.98,0.834,63.54,0.843,0.108,0.804
5.292,9.155,0.794,61.06,0.781,0.376,0.973
5.194,10.108,0.93,64.6,0.697,-0.16677777777777777,0.903
5.252,7.823,0.63,54.4,0.731,0.092,0.778
6.455,9.08,0.764,66.4,0.877,-0.109,0.682
4.35,8.028,0.717,46.56,0.644,-0.031,0.91
6.268,9.095,0.845,62.0,0.91,-0.083,0.748
7.493,11.098,0.959,73.06,0.949,0.06,0.283
4.808,9.194,0.815,66.6,0.766,-0.152,0.7176666666666667
7.594,10.757,0.936,72.68,0.916,0.316,0.406
5.024,9.186,0.91,66.08,0.671,-0.091,0.901
5.843,10.576,0.791,73.898,0.785,0.012,0.659
6.168,9.351,0.88,65.46,0.795,-0.042,0.763
5.09,9.532,0.775,67.5,0.564,0.092,0.923
6.019,8.55,0.933,63.6,0.914,-0.037,0.463
4.668,,0.594,50.0,0.917,,0.441
4.617,7.995,0.702,58.4,0.72,-0.111,0.765
5.615,9.885,0.881,68.3,0.626,-0.083,0.756
4.561,7.271,0.659,55.2,0.776,-0.044,0.7185
4.661,9.649,0.756,58.2,0.671,-0.194,0.867
4.345,8.912,0.864,65.78,0.724,0.062,0.838
5.296,8.887,0.717,63.24,0.639,-0.015,0.785
7.37,10.66,0.954,73.2,0.949,0.12,0.207
7.425,10.953,0.941,72.4,0.886,0.213,0.36
3.766,7.384,0.554,32.3,0.373,0.216,0.848
6.322,10.118,0.818,66.4,0.675,0.222,0.838
3.783,7.705,0.521,52.24,0.531,0.236,0.776
4.124,9.269,0.717,66.6,0.478,-0.219,0.869
5.535,8.626,0.775,66.82,0.856,-0.11,0.815
5.841,9.25,0.889,64.5,0.726,0.076,0.78
7.42,10.735,0.928,70.88,0.921,-0.001,0.361
4.395,7.961,0.856,57.94,0.692,-0.045,0.7
4.335,7.909,0.81,55.42,0.557,-0.036,0.918
3.77,7.611,0.821,53.68,0.834,0.009,0.898
3.671,7.03,0.713,52.0,0.728,-0.032,0.703
4.162,8.173,0.729,60.4,0.956,0.21,0.825
3.628,7.136,0.561,40.3,0.679,0.101,0.836
6.418,11.456,0.894,66.58,0.865,0.235,0.184
6.309,10.474,0.929,67.3,0.699,-0.237,0.852
7.572,11.1,0.938,73.2,0.928,0.109,0.21
3.82,8.082,0.555,52.2,0.526,-0.098,0.7855714285714285
5.741,10.433,0.901,70.2,0.896,0.008,0.892
3.678,7.125,0.387,43.08,0.78,-0.016,0.834
5.713,9.441,0.902,65.5,0.891,0.003,0.81
5.936,9.762,0.853,68.2,0.74,-0.1,0.864
4.636,8.164,0.577,62.38,0.736,-0.098,0.789
5.793,10.032,0.9,68.8,0.846,-0.211,0.855
5.597,9.19,0.905,61.28,0.719,0.408,0.97
4.609,9.458,0.6,64.38,0.764,0.16957142857142857,0.678
4.363,7.239,0.486,53.04,0.752,0.017,0.286
6.751,10.738714285714286,0.901,69.14,0.799,0.00014285714285713902,0.711
6.14,10.284,0.832,67.355,0.845,-0.219,0.938
6.061,9.054,0.762,66.402,0.888,-0.11,0.688
7.219,10.792,0.922,70.26,0.901,0.069,0.721
4.814,9.378,0.626,67.52,0.735,-0.025,0.883
4.927,7.665,0.665,53.9,0.721,-0.013,0.757
5.534,9.853,0.91,66.253,0.65,-0.18,0.627
5.306,8.551,0.644,50.114,0.741,-0.016,0.794
4.268,9.344,0.805,66.5,0.868,0.299,0.791
6.602,10.674,0.931,72.2,0.927,0.133,0.653
5.346,9.444,0.81,49.26,0.749,-0.095,0.866
5.996,10.149,0.924,63.1,0.685,-0.171,0.913
4.97,8.799,0.676,64.1,0.757,-0.187,0.845
5.503,8.484,0.739,50.5,0.713,0.099,0.913
3.512,7.926,0.787,48.7,0.715,-0.131,0.915
5.434,9.268,0.876,62.3,0.822,-0.089,0.6663333333333333
7.418,10.652,0.962,71.3,0.957,0.256,0.503
5.855,10.149,0.911,63.5,0.714,-0.181,0.925
4.823,8.361,0.562,57.3,0.587,0.085,0.717
4.441,9.215,0.828,56.2,0.81,-0.19,0.831
4.445,8.393,0.704,47.7,0.8,-0.053,0.744
5.098,9.3,0.796,61.9,0.865,0.488,0.9
7.533,10.931,0.982,73.0,0.959,0.251,0.699
6.09,10.211,0.811,66.9,0.839,-0.16,0.926
4.983,9.308,0.906,61.7,0.686,0.173,0.9
7.119,10.935,0.881,66.42,0.889,0.071,0.377
5.801,10.546,0.738,72.44,0.623,-0.043,0.834
4.976,9.613,0.766,65.145,0.66,-0.047,0.824
5.223,9.755,0.818,67.26,0.546,-0.226,0.762
4.497,7.821,0.729,62.72,0.749,-0.073,0.717
5.142,8.829,0.597,64.4,0.572,-0.21,0.771
5.629,10.348,0.918,68.0,0.815,-0.164,0.569
7.434,10.804,0.916,72.14,0.936,0.159,0.324
3.652,7.603,0.542,50.44,0.646,0.001,0.794
4.967,8.596,0.746,57.6,0.787,0.116,0.857
4.428,9.464,0.734,64.349,0.552,-0.042,0.844
7.224,10.52,0.976,72.0,0.918,0.254,0.321
5.385,10.087,0.909,61.0,0.613,-0.296,0.937
7.508,10.862,0.956,71.28,0.942,0.118,0.237
3.922,7.485,0.783,48.7,0.787,-0.027,0.649
4.888,10.091,0.795,65.12,0.541,-0.229,0.698
6.414,8.904,0.866,61.42,0.63,0.206,0.796
4.595,8.029,0.839,58.8,0.744,-0.086,0.794
4.816,8.167,0.659,51.1,0.713,-0.003,0.879
5.51,9.347,0.785,66.96,0.602,-0.169,0.848
7.401,10.889,0.945,71.68,0.92,0.118,0.771
7.008,10.674,0.935,71.84,0.833,-0.031,0.669
6.015,9.972,0.893,67.0,0.843,-0.037,0.772
4.606,8.225,0.739,54.1,0.891,0.074,0.875
6.561,10.757,0.912,66.6,0.891,-0.147,0.5446666666666667
6.278,10.783,0.818,65.2,0.762,-0.073,0.5446666666666667
7.255,11.371,0.944,72.4,0.892,0.074,0.373
4.571,7.391,0.708,53.28,0.59,-0.03,0.869
6.494,9.885,0.832,68.84,0.747,0.149,0.734
7.29,11.042,0.956,73.4,0.965,0.075,0.271
5.172,9.699,0.742,65.6,0.597,0.073,0.889
5.581,9.94,0.858,68.699,0.708,-0.034,0.812
6.14,9.025,0.794,65.5,0.8,-0.185,0.797
3.326,7.546,0.745,51.32,0.741,-0.016,0.765
3.615,7.477,0.54,55.7,0.593,0.422,0.721
5.172,9.237,0.84,65.6,0.692,-0.117,0.7176666666666667
7.359,10.461,0.882,72.4,0.561,0.15,0.902
4.196,7.258,0.827,51.6,0.819,-0.038,0.818
4.431,9.021,0.816,65.94,0.834,0.163,0.861
7.596,11.035,0.96,73.0,0.954,0.133,0.41
5.687,8.436,0.863,65.5,0.792,0.018,0.802
4.031,9.756,0.859,56.02,0.791,-0.105,0.743
4.713,8.54,0.792,66.16,0.698,-0.027,0.868
4.356,8.544,0.734,50.1,0.729,0.032,0.873
5.234,9.65,0.8,65.303,0.752,-0.059,0.856
4.653,9.561,0.566,65.4,0.773,0.186,0.713
4.641,8.185,0.844,59.98,0.678,-0.14,0.879
6.208,9.225,0.909,64.9,0.738,-0.004,0.946
5.636,9.52,0.832,64.82,0.868,0.425,0.933
7.122,10.842,0.936,70.76,0.941,0.302,0.49
6.145,11.149,0.866,74.5,0.776,-0.075,0.035
4.233,7.637,0.754,54.9,0.739,0.132,0.811
6.69,10.74,0.958,74.0,0.827,-0.133,0.568
3.625,7.988,0.434,53.1,0.733,-0.027,0.85
7.513,10.933,0.9215,68.22,0.872,0.197,0.633
4.834,9.204,0.864,56.5,0.754,-0.169,0.846
7.413,10.774,0.939,73.0,0.931,0.253,0.427
4.248,8.501,0.67,53.94,0.593,-0.018,0.841
5.066,9.213,0.744,59.94,0.611,-0.1,0.801
5.239,9.691,0.895,65.2,0.873,-0.08,0.737
4.386,8.276,0.666,62.015,0.358,-0.07,0.753
6.239,9.881,0.871,65.12,0.844,0.089,0.799
4.179,8.673,0.614,59.3,0.82,0.046,0.765
6.354,10.666,0.872,72.8,0.738,-0.06,0.921
3.816,7.334,0.673,57.06,0.48,-0.019,0.868
5.144,9.688,0.822,69.6,0.927,-0.173,0.755
6.78,10.711,0.88,72.44,0.543,0.049,0.946
7.404,11.648,0.912,72.6,0.93,-0.045,0.39
5.452,10.298,0.904,65.78,0.642,-0.217,0.663
5.147,9.606,0.786,64.6,0.764,-0.198,0.616
3.174,7.461,0.843,44.14,0.344,-0.09,0.964
4.932,7.155,0.742,55.2,0.87,0.073,0.682
5.911,10.213,0.926,67.28,0.62,-0.028,0.907
3.955,7.52,0.744,50.78,0.622,-0.07,0.726
6.696,10.295,0.858,62.08,0.838,0.087,0.959
6.5,10.437,0.9,67.44,0.799,-0.063,0.928
5.711,9.434,0.83,67.8,0.827,-0.154,0.895
4.986,8.018,0.606,61.12,0.838,-0.069,0.757
6.69,10.757,0.884,67.14,0.809,0.06933333333333333,0.525
7.312,10.833,0.905,72.8,0.864,-0.06,0.424
6.621,10.813,0.947,70.98,0.906,0.033,0.677
7.196,10.754,0.945,72.4,0.935,0.274,0.368
5.567,10.576,0.869,73.898,0.775,0.012,0.715
6.798,10.982,0.893,64.6,0.703,-0.031,0.486
3.869,6.966,0.549,58.3,0.765,0.004,0.68
4.885,9.245,0.619,60.64,0.578,-0.126,0.749
6.238,10.558,0.938,73.44,0.796,-0.09,0.809
3.408,7.572,0.837,51.4,0.607,0.308,0.903
3.417,6.945,0.555,56.9,0.848,0.025,0.735
7.471,10.861,0.939,71.64,0.877,0.288,0.434
5.049,9.724,0.838,64.0,0.8,-0.1651111111111111,0.957
6.664,9.579,0.884,65.72,0.927,0.4,0.923
5.088,8.58,0.727,57.586,0.807,0.123,0.848
6.168,10.135,0.966,65.8,0.872,-0.056,0.661
7.341,10.659,0.968,71.4,0.935,0.28955555555555557,0.39
5.845,10.651,0.799,73.9,0.672,-0.083,0.727
6.526,9.98,0.819,69.04,0.701,0.112,0.753
4.828,9.464,0.881,54.34,0.794,-0.117,0.82
5.334,9.334,0.924,62.1,0.675,0.119,0.865
4.619,8.373,0.676,60.7,0.818,0.31,0.794
5.701,8.873,0.878,62.92,0.683,-0.056,0.807
5.123,9.569,0.718,64.1,0.764,-0.221,0.583
5.023,9.94,0.753,65.42,0.65,-0.14,0.964
6.152,10.155,0.952,65.2,0.853,-0.069,0.733
7.182,10.924,0.965,68.06,0.911,0.17450000000000002,0.6
5.326,9.363,0.831,64.3,0.553,-0.053,0.926
7.498,10.854,0.98,73.0,0.94,0.301,0.639
7.151,10.956,0.902,68.62,0.866,0.221,0.702
4.607,7.839,0.514,59.44,0.605,0.04,0.806
3.638,8.016,0.754,55.0,0.753,-0.098,0.751
4.408,8.102,0.507,55.1,0.783,-0.083,0.532
4.621,9.605,0.984,62.2,0.858,0.26,0.888
5.777,10.083,0.787,66.3,0.796,-0.141,0.962
7.001,9.544,0.913,64.26,0.767,-0.055,0.723
4.725,9.152,0.751,59.36,0.347,-0.07,0.78
4.911,9.549,0.762,63.88,0.599,-0.14,0.763
6.518,10.518,0.944,73.02,0.819,-0.122,0.846
6.319,10.56,0.942,73.8,0.768,-0.048,0.819
6.018,9.005,0.791,65.2,0.733,-0.156,0.805
5.096,10.268,0.812,71.62,0.373,-0.305,0.959
6.855,10.795,0.944,71.28,0.861,0.001,0.512
5.333,9.222,0.816,65.9,0.729,-0.104,0.7176666666666667
5.043,9.348,0.799,65.9,0.583,-0.146,0.759
4.605,7.889,0.74,59.8,0.722,0.151,0.877
5.104,8.454,0.857,64.82,0.791,0.076,0.819
7.56,10.8,0.929,72.06,0.944,0.132,0.254
4.35,7.765,0.779,59.2,0.519,0.092,0.911
4.255,9.608,0.653,55.48,0.772,-0.211,0.851
5.405,10.36,0.905,69.84,0.882,-0.179,0.88
4.033,7.476,0.673,45.74,0.563,-0.034,0.884
5.975,10.385,0.932,69.8,0.89,0.036,0.918
4.657,,0.829,,0.82,,0.471
6.928,10.834,0.922,71.8,0.857,0.054,0.543
7.443,9.832,0.759,67.04,0.739,-0.165,0.615
5.148,6.838,0.718,49.02,0.879,0.176,0.689
4.319,7.783,0.672,59.02,0.612,0.068,0.786
6.837,9.607,0.906,64.5,0.806,-0.054,0.656
3.955,8.201,0.68,55.34,0.726,-0.078,0.752
4.213,9.479,0.815,67.4,0.824,0.051,0.863
6.599,10.023,0.855,69.18,0.734,0.195,0.782
5.678,10.412,0.908,70.0,0.888,0.052,0.909
2.888,,0.532,50.6,0.44,,0.785
4.954,10.153,0.931,65.0,0.538,-0.161,0.895
4.454,8.996,0.798,67.42,0.771,-0.16,0.755
4.208,7.396,0.686,59.305,0.552,-0.005,0.803
6.012,9.839,0.866,64.96,0.837,0.201,0.74
4.586,8.276,0.765,61.2,0.964,0.088,0.821
6.86,10.135,0.897,68.7,0.783,-0.002,0.796
5.386,8.484,0.8,65.72,0.779,-0.02,0.76
3.734,7.37,0.76,46.48,0.747,-0.041,0.807
5.489,8.13,0.688,60.0,0.759,-0.019,0.796
7.103,10.736,0.937,72.1,0.813,0.291,0.419
4.015,8.052,0.827,52.86,0.62,-0.012,0.909
4.275,7.694,0.764,59.0,0.752,0.082,0.761
6.461,10.529,0.948,71.4,0.949,-0.101,0.806
4.769,8.106,0.739,59.6,0.629,-0.074,0.805
5.166,9.332,0.845,61.68,0.46,-0.241,0.962
4.616,7.058,0.582,53.0,0.684,-0.03,0.778
3.658,7.578,0.832,57.122,0.602,-0.147,0.8
5.503,9.045,0.872,60.94,0.641,-0.056,0.926
6.375,11.486,0.866,68.3,0.8945000000000001,0.167,0.184
5.628,8.714,0.796,59.5,0.78,0.001,0.817
6.522,10.77,0.923,70.62,0.766,0.08233333333333333,0.758
6.111,10.366,0.863,69.3,0.87,-0.254,0.72
5.142,8.189,0.71,53.515,0.731,0.026,0.848
4.836,9.632,0.837,54.46,0.799,-0.203,0.814
4.723,7.744,0.724,51.969,0.697,-0.036,0.827
6.666,10.727,0.921,73.8,0.816,-0.138,0.582
7.257,10.879,0.973,71.5,0.856,0.348,0.618
6.372,9.318,0.821,63.813,0.869,0.257,0.917
4.453,9.307,0.739,65.84,0.506,-0.218,0.92
6.13,10.306,0.842,67.5,0.848,-0.221,0.954
4.251,7.365,0.64,48.7,0.537,0.055,0.832
5.874,10.621,0.807,73.3,0.538,0.014,0.851
3.786,7.881,0.74,58.5,0.83,0.295,0.521
4.393,7.425,0.819,45.42,0.54,0.031,0.876
5.749,9.83,0.902,63.46,0.645,-0.217,0.657
5.885,10.069,0.751,68.2,0.627,-0.204,0.936
4.994,10.315,0.866,71.2,0.774,-0.097,0.959
3.977,9.119,0.814,66.1,0.738,0.259,0.769
5.972,8.62,0.864,67.657,0.836,0.02,0.664
5.519,9.145,0.799,66.06,0.638,-0.079,0.88
6.495,10.776,0.827,65.0,0.661,-0.081,0.5446666666666667
5.037,9.179,0.787,67.76,0.824,-0.186,0.755
5.746,10.164,0.912,67.78,0.776,-0.137,0.916
3.86,8.45,0.651,55.62,0.677,0.001,0.913
3.775,6.635,0.485,53.4,0.646,-0.024,0.599
4.607,8.361,0.688,60.704,0.779,0.287,0.825
4.887,9.46,0.898,55.3,0.862,-0.127,0.853
4.737,8.329,0.792,60.54,0.719,-0.1,0.923
3.912,9.765,0.843,65.7,0.545,-0.144,0.941
6.432,9.891,0.852,68.6,0.903,-0.141,0.809
5.917,9.241,0.805,62.58,0.623,-0.113,0.925
4.203,9.263,0.503,64.86,0.632,-0.255,0.353
6.494,10.743,0.891,66.603,0.877,-0.149,0.684
7.101,11.595,0.934,71.88,0.962,0.106,0.388
7.459,11.106,0.928,73.5,0.934,0.088,0.302
5.447,10.37,0.905,72.0,0.838,-0.225,0.922
7.515,10.91,0.947,73.0,0.938,0.052,0.214
3.64,7.886,0.687,58.0,0.85,0.1,0.589
6.126,10.306,0.908,65.3,0.508,-0.263,0.956
5.792,9.182,0.964,60.04,0.8095,0.018,0.888
5.372,10.339,0.852,71.56,0.528,-0.316,0.941
3.596,7.484,0.748,58.68,0.894,-0.023,0.078
4.135,7.311,0.727,56.1,0.766,0.05,0.868
5.229,9.561,0.908,61.8,0.72,0.066,0.888
4.891,6.742,0.6,46.26,0.91,0.202,0.691
6.086,10.356,0.886,69.7,0.883,-0.199,0.869
4.313,7.605,0.823,49.12,0.704,-0.088,0.787
6.965,10.817,0.931,71.14,0.894,0.024,0.566
5.175,8.876,0.8275,67.7,0.87975,0.007899999999999999,0.783125
4.1,7.705,0.748,59.0,0.754,0.053,0.732
4.455,8.106,0.911,53.7,0.71,0.077,0.701
5.342,8.117,0.636,58.221,0.695,-0.068,0.745
5.439,10.445,0.77,73.1,0.628,0.114,0.893
4.514,9.45,0.87,56.1,0.787,-0.129,0.865
3.28,7.666,0.828,42.86,0.456,-0.082,0.946
6.309,9.186,0.878,67.5,0.891,-0.137,0.885
4.906,7.927,0.901,53.78,0.649,0.005,0.634
4.486,7.363,0.577,48.2,0.65,0.024,0.763
5.296,8.535,0.787,66.5,0.831,-0.006,0.743
7.444,11.024,0.941,72.68,0.956,0.181,0.405
5.534,10.095,0.928,63.4,0.783,-0.036,0.702
3.998,7.871,0.688,45.72,0.682,-0.067,0.948
7.541,10.899,0.926,72.1,0.907,0.239,0.433
7.289,10.772,0.924,72.6,0.923,0.319,0.442
5.908,10.632,0.878,75.1,0.806,-0.255,0.617
5.78,10.568,0.768,72.7,0.616,-0.036,0.841
3.675,8.993,0.647,65.12,0.553,-0.267,0.752
6.199,10.64,0.92,73.4,0.633,-0.035,0.867
5.26,7.978,0.782,48.64,0.696,-0.096,0.917
6.34,10.75,0.817,69.14,0.69,0.002,0.841
7.248,10.059,0.876,68.5,0.829,0.009,0.84
5.066,9.629,0.983,62.409,0.877,0.273,0.888
6.62,10.689,0.963,70.2,0.847,0.08233333333333333,0.781
6.396,10.779,0.867,64.8,0.56,-0.12,0.5446666666666667
7.104,10.784,0.909,71.16,0.891,0.017,0.574
5.545,9.802,0.853,66.102,0.86,-0.133,0.714
6.574,10.727,0.912,72.26,0.684,0.113,0.922
3.268,7.708,0.489,61.7,0.869,0.064,0.168
4.595,9.743,0.717,64.96,0.524,0.035,0.927
8.019,10.851,0.972,69.6,0.971,0.1359,0.237
7.406,10.733,0.967,72.3,0.945,0.369,0.382
4.875,9.436,0.888,64.902,0.724,-0.011,0.924
5.304,8.483,0.815,66.34,0.834,-0.062,0.838
7.181,10.887,0.935,71.08,0.879,0.291,0.614
3.6,6.958,0.537,57.948,0.78,0.038,0.729
5.124,9.382,0.767,66.82,0.39,0.042,0.97
4.128,9.728,0.856,55.24,0.767,-0.154,0.749
4.955,7.983,0.896,49.54,0.47,-0.103,0.859
6.711,11.114,0.862,67.3,0.911,0.129,0.377
7.028,11.001,0.937,68.1,0.85,0.034,0.678
6.381,10.531,0.956,73.5,0.732,-0.072,0.822
5.136,9.262,0.792,61.7,0.83,0.5,0.89
5.364,8.307,0.79,54.44,0.867,0.478,0.58
5.441,10.205,0.91,64.7,0.715,-0.116,0.848
6.358,10.682,0.896,73.2,0.817,-0.139,0.641
5.539,9.289,0.878,65.0,0.76,-0.143,0.7176666666666667
5.481,9.592,0.77,64.12,0.672,-0.168,0.699
6.6,9.979,0.933,69.1,0.903,-0.095,0.599
7.525,11.055,0.938,72.26,0.891,0.125,0.342
4.09,7.404,0.652,49.2,0.711,0.079,0.848
4.483,8.4286,0.833,62.073750000000004,0.653,-0.13433333333333333,0.829
5.038,8.483,0.661,48.9,0.732,-0.111,0.771
6.553,9.739,0.896,65.82,0.642,-0.22,0.837
4.046,8.73,0.607,59.7,0.886,-0.042,0.781
7.229,9.705,0.892,69.9,0.926,-0.033,0.837
4.905,8.477,0.857,63.2,0.813,0.2,0.858
4.647,8.531,0.782,62.073750000000004,0.542,-0.153,0.73
4.35,8.453,0.727,54.3,0.659,-0.104,0.853
7.029,10.649,0.955,71.3,0.841,0.403,0.587
5.241,9.319,0.778,68.08,0.805,-0.158,0.755
3.551,7.339,0.673,56.64,0.487,-0.055,0.854
7.381,10.528,0.944,71.6,0.893,0.298,0.334
4.118,7.637,0.697,54.7,0.812,0.111,0.572
4.413,7.437,0.749,41.42,0.482,0.289,0.717
4.03,7.273,0.559,54.62,0.766,-0.001,0.41
6.83,11.174,0.953,72.0,0.892,0.233,0.409
2.936,7.146,0.303,51.58,0.584,-0.07,0.832
5.132,9.261,0.829,65.3,0.693,-0.16,0.7176666666666667
5.208,8.277,0.522,55.8,0.388,0.077,0.874
7.842,10.775,0.954,72.0,0.949,-0.098,0.186
7.158,10.888,0.912,68.54,0.831,0.201,0.665
5.94,8.607,0.963,63.8,0.95,-0.034,0.434
5.736,9.997,0.905,60.72,0.878,-0.235,0.802
5.89,9.169,0.913,67.1,0.861,-0.13,0.883
4.547,8.365,0.674,61.3,0.702,0.26,0.837
5.952,10.319,0.891,72.6,0.614,-0.289,0.848
4.315,9.283,0.61,67.2,0.659,-0.209,0.889
4.542,9.25,0.725,58.64,0.646,-0.001,0.726
3.445,7.859,0.675,57.5,0.807,0.153,0.612
5.549,8.394,0.627,57.7,0.634,0.095,0.793
7.407,10.857,0.925,71.76,0.919,0.305,0.505
4.995,9.333,0.725,66.74,0.333,-0.035,0.925
4.493,8.904,0.92,59.28,0.484,0.068,0.962
5.579,10.166,0.896,63.9,0.731,-0.145,0.862
6.038,10.335,0.943,68.4,0.771,-0.12,0.836
5.886,9.898,0.839,59.2,0.727,-0.221,0.899
5.062,9.451,0.814,66.9,0.808,-0.163,0.677
4.913,9.248,0.935,61.1,0.748,0.136,0.928
6.611,11.523,0.838,67.34,0.924,0.162,0.184
5.881,10.185,0.879,65.9,0.656,-0.077,0.808
6.951,11.023,0.92,68.2,0.837,0.098,0.698
5.065,9.112,0.854,59.6,0.419,-0.125,0.859
5.522,8.981,0.884,63.813,0.6585555555555556,0.09,0.849
4.669,9.244,0.769,60.0,0.486,-0.076,0.826
7.632,11.042,0.936,71.56,0.947,0.018,0.503
5.485,9.262,0.833,66.2,0.525,-0.158,0.864
5.056,8.552,0.79,66.38,0.696,0.015,0.834
5.772,10.047,0.917,67.1,0.821,0.073,0.898
4.584,9.626,0.848,67.355,0.525,-0.073,0.898
4.846,7.846,0.865,48.12,0.633,-0.088,0.83
6.063,10.397,0.925,69.6,0.904,-0.02,0.891
6.3,9.645,0.906,65.94,0.847,0.38,0.909
5.472,8.975,0.779,60.26,0.784,0.191,0.911
4.569,7.471,0.813,48.44,0.578,-0.055,0.848
6.086,10.0,0.896,69.0,0.817,-0.211,0.83
4.76,8.504,0.824,46.2,0.565,0.067,0.911
7.225,9.858,0.922,71.1,0.936,-0.076,0.742
6.561,9.932,0.902,68.56,0.904,-0.073,0.533
5.972,8.714,0.968,64.2,0.98,0.375,0.471
5.322,8.555,0.733,49.3,0.826,0.124,0.835
4.346,8.146,0.706,53.06,0.812,-0.011,0.809
4.892,9.073,0.861,66.7,0.615,-0.169,0.827
3.483,7.734,0.789,55.26,0.654,0.11,0.878
4.38,9.568,0.77,66.0,0.373,-0.178,0.961
4.753,9.489,0.879,64.24,0.84,-0.062,0.727
4.858,7.967,0.549,60.7,0.659,-0.016,0.774
6.0,9.347,0.899,64.46,0.771,-0.075,0.739
6.296,9.71,0.924,67.86,0.825,-0.118,0.544
6.431,9.966,0.925,69.1,0.896,-0.092,0.59
4.405,8.143,0.846,56.06,0.709,0.022,0.923
3.703,7.992,0.736,53.8,0.667,-0.123,0.81
3.852,7.699,0.803,54.52,0.654,0.054,0.859
5.596,10.263,0.913,65.1,0.556,-0.237,0.936
4.435,8.076,0.855,54.0,0.648,-0.04,0.737
4.174,9.24,0.753,60.16,0.59,-0.151,0.859
6.118,10.287,0.882,69.4,0.884,-0.102,0.837
5.786,10.576,0.802,73.898,0.83,0.012,0.692
5.914,10.005,0.841,65.92,0.848,0.017,0.847
5.057,8.397,0.685,54.86,0.679,0.04,0.898
5.674,9.074,0.784,63.9,0.881,-0.086,0.857
5.807,9.909,0.803,65.28,0.78,0.044,0.884
6.223,10.576,0.802,73.898,0.763,-0.015,0.844
7.285,10.703,0.965,71.72,0.891,0.347,0.513
5.97,10.336,0.936,67.1,0.698,-0.194,0.789
5.58,9.93,0.839,65.6,0.769,0.032,0.844
6.453,10.459,0.958,69.0,0.954,-0.082,0.398
6.531,11.267,0.864,74.8,0.846,-0.018,0.06
7.478,9.717,0.932,65.7,0.768,-0.155,0.754
7.52,10.846,0.951,70.84,0.933,0.139,0.187
6.45,10.842,0.885,69.14,0.701,0.019,0.857
6.445,10.655,0.838,73.8,0.709,-0.082,0.866
4.573,7.484,0.626,57.0,0.803,0.113,0.567
6.621,11.001,0.864,66.46,0.936,0.0815,0.377
4.297,9.426,0.877,63.4,0.533,0.084,0.927
4.038,8.727,0.576,62.32,0.53,0.131,0.741
4.238,7.627,0.747,54.5,0.758,0.135,0.873
6.022,9.225,0.779,66.62,0.737,-0.108,0.774
4.768,7.849,0.655,55.5,0.691,0.097,0.756
7.649,10.935,0.958,72.4,0.935,0.018,0.151
4.235,7.047,0.683,52.5,0.702,-0.016,0.814
4.348,9.334,0.723,66.0,0.551,-0.203,0.901
3.946,6.895,0.613,51.42,0.733,0.099,0.853
5.015,9.711,0.815,65.474,0.725,0.024,0.923
7.432,9.63,0.918,69.88,0.923,0.098,0.82
6.052,10.169,0.92,66.8,0.636,-0.101,0.907
5.269,9.303,0.733,66.4,0.569,-0.172,0.726
4.27,8.057,0.789,54.18,0.584,0.1,0.913
4.931,,0.788,,0.858,,0.357
5.374,9.164,0.855,66.22,0.796,-0.064,0.909
6.725,10.756,0.939,70.9,0.843,0.095,0.688
4.472,8.526,0.785,56.4,0.467,-0.175,0.842
6.608,10.496,0.911,68.8,0.808,-0.146,0.886
5.701,10.709,0.904,65.94,0.896,0.037,0.506
5.82,9.259,0.931,64.74,0.748,0.2,0.774
3.798,6.987,0.7,50.44,0.734,-0.064,0.777
5.827,10.576,0.808,73.898,0.796,0.012,0.67
5.102,8.936,0.812,60.58,0.554,-0.164,0.926
5.24,9.677,0.849,65.389,0.745,-0.041,0.91
4.898,9.518,0.784,64.661,0.607,-0.087,0.865
7.218,10.958,0.856,66.44,0.92,0.0815,0.377
5.553,9.814,0.9,65.8,0.621,-0.122,0.654
3.984,6.728,0.733,49.34,0.556,-0.022,0.824
3.512,7.926,0.79,48.7,0.716,-0.131,0.915
4.764,9.26,0.68,65.82,0.589,-0.232,0.783
7.321,10.515,0.909,72.58,0.739,0.15,0.849
5.477,9.767,0.8,64.7,0.848,0.191,0.847
7.321,10.867,0.909,71.88,0.91,0.331,0.457
5.834,8.985,0.829,62.7,0.884,-0.03,0.862
5.076,8.251,0.807,53.92,0.925,0.439,0.688
3.108,7.588,0.517,60.5,0.908,0.051,0.214
5.621,10.166,0.901,61.84,0.609,-0.293,0.938
4.983,9.772,0.708,65.44,0.655,-0.004,0.921
7.074,10.878,0.892,71.9,0.841,0.145,0.414
4.678,8.533,0.779,56.7,0.527,-0.153,0.777
5.59,9.054,0.847,61.3,0.598,-0.088,0.929
4.907,8.498,0.818,62.073750000000004,0.608,-0.129,0.812
6.091,10.472,0.933,68.6,0.886,-0.141,0.621
4.634,9.142,0.821,65.8,0.529,-0.009,0.875
6.452,8.891,0.834,61.76,0.643,0.197,0.755
4.815,9.607,0.773,66.36,0.44,-0.185,0.977
5.48,8.44,0.805,66.18,0.889,0.201,0.789
6.33,8.891,0.866,61.08,0.628,0.136,0.81
5.204,9.426,0.788,48.64,0.69,-0.158,0.859
7.041,11.199,0.958,72.1,0.875,0.174,0.399
4.493,9.241,0.684,58.4,0.599,0.019,0.762
4.563,6.935,0.512,54.48,0.786,0.061,0.824
6.18,10.945,0.8697142857142858,65.8,0.8257142857142857,-0.010199999999999997,0.5805
7.08,10.699,0.868,63.5,0.7723,-0.11599999999999999,0.505
7.064,10.707,0.934,72.5,0.859,0.233,0.459
4.717,9.584,0.714,65.7,0.731,0.218,0.715
5.63,8.526,0.883,63.8,0.859,0.143,0.874
6.606,10.255,0.883,69.3,0.847,-0.007,0.81
6.019,9.377,0.801,67.28,0.787,-0.191,0.646
4.964,9.991,0.895,58.68,0.643,-0.307,0.935
4.909,9.915,0.689,65.2,0.566,-0.085,0.974
5.071,9.073,0.896,66.3,0.636,-0.169,0.844
4.023,7.348,0.596,54.7,0.612,-0.007,0.809
3.676,7.599,0.82,49.48,0.665,-0.053,0.755
3.923,8.542,0.875,56.1,0.447,0.055,0.715
7.558,10.903,0.954,71.8,0.948,0.138,0.21
5.138,8.311,0.607,56.86,0.448,0.1,0.792
7.144,10.972,0.967,70.14,0.943,0.242,0.473
5.494,9.617,0.824,62.3,0.781,-0.101,0.646
7.247,9.775,0.914,70.5,0.927,0.01,0.788
5.244,8.131,0.761,52.32,0.77,-0.104,0.732
6.892,10.844,0.93,72.0,0.808,-0.125,0.63
6.864,10.977,0.904,68.6,0.849,0.219,0.698
7.516,10.793,0.923,71.62,0.912,0.125,0.314
3.585,7.187,0.686,41.2,0.72,0.248,0.83
5.626,10.258,0.936,70.8,0.739,-0.137,0.932
4.181,9.193,0.842,66.2,0.823,0.145,0.76
5.959,10.52,0.797,72.18,0.642,-0.05,0.832
7.098,10.715,0.878,69.3,0.907,0.048,0.582
4.961,8.508,0.766,65.72,0.783,0.095,0.884
4.905,8.219,0.765,57.74,0.819,0.172,0.849
6.894,9.859,0.937,68.0,0.64,0.083,0.915
5.045,8.087,0.489,54.713,0.757,-0.034,0.661
5.68,9.456,0.845,68.1,0.83,-0.178,0.906
5.058,9.374,0.884,62.2,0.484,-0.189,0.954
4.154,8.464,0.795,58.7,0.886,0.65,0.619
5.33,9.627,0.827,62.3,0.762,-0.073,0.686
5.596,10.091,0.796,67.9,0.564,-0.237,0.973
4.741,8.933,0.731,64.4,0.747,-0.126,0.707
5.249,9.411,0.788,66.86,0.412,0.232,0.976
5.787,9.427,0.909,60.76,0.805,0.032,0.888
3.832,,0.545,49.84,0.567,,0.742
6.667,10.669,0.908,72.8,0.878,-0.125,0.699
6.359,9.013,0.811,64.2,0.863,0.011,0.812
6.23,10.586,0.903,74.1,0.756,-0.032,0.791
7.571,11.117,0.942,74.4,0.919,0.025,0.292
5.768,10.371,0.875,72.8,0.913,-0.238,0.867
7.294,10.579,0.948,72.34,0.834,-0.15,0.683
5.251,8.19,0.677,52.7,0.816,0.036,0.884
3.33,7.866,0.445,50.1,0.58,-0.011,0.79
6.519,10.263,0.863,62.54,0.775,0.078,0.9
7.382,10.814,0.921,71.98,0.941,0.161,0.269
4.355,7.364,0.619,48.478,0.579,0.041,0.807
6.094,10.837,0.853,66.5,0.884,-0.005,0.5805
6.449,9.546,0.907,66.58,0.801,-0.09,0.887
5.901,8.85,0.83,60.74,0.663,0.172,0.706
5.076,8.77,0.849,67.3,0.87975,0.086,0.783125
4.308,9.065,0.77,50.833,0.647,-0.185,0.708
6.585,11.065,0.926,64.44,0.819,0.007,0.675
6.866,10.184,0.896,68.9,0.811,0.018,0.814
4.956,9.403,0.86,56.904,0.749,-0.067,0.86
5.03,9.436,0.898,62.8,0.564,-0.223,0.896
5.893,8.756,0.945,64.5,0.984,0.208,0.499625
5.723,10.279,0.823,72.6,0.582,-0.288,0.823
4.111,7.865,0.818,57.7,0.937,0.152,0.965
6.166,10.382,0.898,69.702,0.841,-0.165,0.735
6.834,10.823,0.906,72.199,0.783,-0.153,0.646
5.272,9.126,0.863,63.84,0.699,0.132,0.93
3.975,7.638,0.843,49.84,0.652,-0.037,0.658
3.838,7.981,0.722,55.02,0.5,-0.075,0.732
5.431,8.95,0.821,61.7,0.908,-0.071,0.792
4.845,7.423,0.567,36.86,0.413,0.243,0.682
5.186,9.541,0.832,64.942,0.641,0.025,0.861
5.172,9.488,0.86,61.16,0.487,-0.265,0.929
6.171,9.946,0.9,68.8,0.886,-0.072,0.676
5.464,8.126,0.88,64.4,0.745875,-0.045,0.49
3.739,8.274,0.709,47.1,0.739,-0.031,0.691
3.553,9.556,0.866,52.9,0.826,-0.143,0.814
7.271,9.675,0.915,69.7,0.881,0.047,0.763
6.321,9.515,0.886,63.78,0.777,-0.016,0.728
4.314,8.204,0.818,54.28,0.583,-0.024,0.663
6.48,10.985,0.862,65.5,0.751,-0.010199999999999997,0.5805
5.155,9.605,0.819,66.52,0.461,-0.13,0.952
6.62,11.4,0.866,75.9,0.887,0.15,0.099
5.832,10.224,0.887,61.76,0.84,0.141,0.917
4.176,8.23,0.757,57.38,0.775,0.689,0.638
4.682,9.476,0.644,64.86,0.767,0.241,0.64
6.028,10.072,0.776,68.1,0.542,-0.242,0.924
4.602,8.53,0.779,65.94,0.7,-0.003,0.871
4.64,9.513,0.798,64.811,0.613,-0.084,0.92
4.107,7.362,0.569,54.914,0.619,0.032,0.772
5.779,8.831,0.817,61.34,0.782,-0.039,0.825
4.007,7.663,0.832,53.78,0.577,0.213,0.887
6.31,9.937,0.921,69.2,0.908,-0.084,0.491
6.017,9.246,0.84,62.9,0.595,-0.09,0.943
7.018,10.959,0.968,71.9,0.922,0.264,0.406
6.272,9.351,0.886,65.58,0.757,-0.055,0.837
5.311,9.152,0.874,66.58,0.809,-0.001,0.861
5.613,9.217,0.812,66.3,0.757,-0.06,0.881
5.49,8.136,0.621,57.9,0.699,-0.092,0.738
4.948,10.24,0.822,67.199,0.576,-0.139,0.776
7.631,10.899,0.944,71.0,0.883,0.365,0.419
6.998,9.885,0.906,71.5,0.927,-0.146,0.836
7.155,10.873,0.903,72.5,0.875,0.011,0.46
5.339,9.673,0.811,69.593,0.904,-0.146,0.755
5.323,8.652,0.712,63.9,0.661,0.122,0.68
3.661,9.461,0.839,53.38,0.714,-0.077,0.8
7.268,10.906,0.934,73.3,0.908,0.042,0.481
4.36,8.992,0.753,53.2,0.456,-0.136,0.906
4.786,8.299,0.774,57.74,0.8535,0.698,0.592
5.937,10.463,0.934,70.5,0.904,-0.055,0.838
6.802,9.788,0.876,66.5,0.778,-0.048,0.693
3.667,7.915,0.382,50.9,0.709,-0.004,0.825
4.477,8.214,0.825,53.4,0.673,0.011,0.8157142857142857
4.16,6.987,0.532,40.9,0.663,0.081,0.782
3.754,7.407,0.694,48.46,0.449,0.401,0.854
5.467,8.992,0.848,68.1,0.952,-0.126,0.788
4.204,9.24,0.737,60.32,0.452,-0.138,0.88
5.795,10.506,0.786,73.3,0.756,-0.03,0.898
4.824,7.817,0.798,44.26,0.721,-0.006,0.785
4.716,8.213,0.818,61.78,0.547,-0.13433333333333333,0.858
6.829,9.821,0.876,66.38,0.677,-0.128,0.785
3.903,6.971,0.767,52.1,0.574,-0.048,0.866
3.929,9.307,0.638,61.4,0.593,-0.152,0.8351428571428572
3.724,7.37,0.451,50.8,0.718,0.168,0.882
6.484,10.446,0.878,68.66,0.8,-0.168,0.897
5.458,10.94,0.834,76.82,0.843,0.224,0.423
4.101,6.941,0.655,49.4,0.817,-0.023,0.529
5.49,9.906,0.795,64.4,0.515,-0.187,0.811
5.84,10.433,0.868,71.5,0.484,-0.303,0.954
5.711,10.335,0.929,65.5,0.641,-0.254,0.924
5.719,9.815,0.924,65.2,0.623,-0.091,0.669
5.198,9.826,0.913,70.6,0.854,0.024,0.825
5.219,9.726,0.704,67.42,0.462,-0.192,0.755
7.324,10.882,0.879,72.0,0.904,0.261,0.412
5.317,9.297,0.81,64.66,0.53,-0.181,0.638
5.295,10.934714285714287,0.813,76.82,0.705,0.1412857142857143,0.38
6.363,10.798,0.87,69.14,0.693,0.092,0.866
6.985,9.672,0.933,66.38,0.9,0.553,0.92
6.516,10.529,0.928,73.2,0.868,-0.15766666666666668,0.699
4.575,7.682,0.676,61.96,0.744,0.001,0.792
4.834,7.678,0.672,54.151,0.695,-0.009,0.748
6.421,8.782,0.942,64.8,0.985,0.123,0.465
4.414,6.937,0.822,51.66,0.556,0.009,0.814
5.353,8.407,0.835,65.16,0.746,0.07,0.794
7.034,10.583,0.929,70.3,0.79,-0.292,0.851
5.336,9.497,0.718,62.76,0.533,0.056,0.872
5.074,9.76,0.736,67.58,0.502,-0.176,0.693
3.849,7.434,0.63,51.651,0.717,0.084,0.866
4.381,7.723,0.759,62.4,0.784,0.062,0.679
7.354,10.754,0.938,70.64,0.936,0.101,0.32
7.401,10.533,0.889,72.64,0.707,0.094,0.818
4.181,7.027,0.753,51.48,0.688,-0.046,0.605
4.963,9.296,0.735,66.48,0.258,-0.026,0.959
5.22,8.573,0.805,48.9,0.798,0.043,0.905
4.725,10.106,0.896,65.6,0.514,-0.145,0.983
5.188,9.838,0.733,65.28,0.657,0.006,0.911
5.397,8.462,0.933,64.54,0.65,0.089,0.844
6.452,10.486,0.941,72.08,0.904,0.404,0.67
4.445,7.343,0.602,55.8,0.707,-0.008,0.75
4.745,9.337,0.803,66.1,0.385,0.005,0.741
4.89,8.364,0.718,44.64,0.635,0.136,0.918
3.461,9.778,0.795,58.9,0.818,-0.254,0.807
5.65,9.934,0.856,68.5,0.626,-0.051,0.769
5.27,9.428,0.885,65.2,0.784,0.126,0.946
5.449,8.136,0.772,64.6,0.79,0.167,0.712
5.062,9.637,0.893,64.9,0.856,-0.065,0.755
4.396,9.07,0.759,51.27,0.597,-0.191,0.724
4.724,8.07,0.582,61.54,0.668,-0.034,0.765
4.659,9.565,0.617,64.5,0.775,-0.233,0.755
6.776,10.112,0.889,67.48,0.816,-0.174,0.755
5.808,10.163,0.941,63.48,0.59,-0.282,0.966
7.306,10.592,0.942,72.48,0.932,0.348,0.273
5.394,9.892,0.736,64.48,0.686,-0.188,0.949
4.897,8.914,0.554,65.9,0.773,-0.234,0.843
5.381,10.072,0.646,68.3,0.519,0.132,0.918
6.986,10.689,0.954,70.74,0.759,0.331,0.548
4.428,8.478,0.553,58.3,0.74,0.084,0.832
6.008,10.148,0.937,64.6,0.84,-0.098,0.824
7.502,10.864,0.957,71.4,0.921,0.349,0.399
5.536,10.224,0.91,70.2,0.691,-0.151,0.925
4.691,8.243,0.642,56.1,0.85,-0.104,0.841
5.208,8.357,0.856,61.94,0.703,-0.079,0.892
6.508,10.166,0.923,71.4,0.837,-0.063,0.961
6.126,9.113,0.721,63.813,0.568,0.115,0.935
6.907,10.638,0.964,71.02,0.816,0.341,0.559
6.273,10.429,0.926,66.7,0.749,-0.174,0.79
6.083,10.419,0.917,69.2,0.896,0.029,0.845
5.82,8.059,0.504,54.3,0.713,0.002,0.747
5.497,8.082,0.875,64.1,0.745875,-0.065,0.578
4.862,10.219,0.857,67.6,0.51,-0.111,0.774
7.452,10.881,0.944,70.8,0.896,0.344,0.445
6.165,10.783,0.8724285714285714,67.42,0.8797142857142858,0.06933333333333333,0.582
5.214,9.063,0.756,65.58,0.638,-0.078,0.931
6.18,10.35,0.896,69.652,0.872,-0.166,0.856
7.442,11.061,0.942,73.3,0.954,0.111,0.271
5.101,9.693,0.805,65.474,0.751,0.038,0.905
5.867,9.331,0.759,66.68,0.487,-0.205,0.877
5.312,8.898,0.641,65.6,0.814,-0.216,0.841
6.38,10.422,0.942,71.96,0.909,0.41,0.6606
6.561,11.307,0.904,75.02,0.822,-0.149,0.099
5.648,8.593,0.774,66.8,0.85,0.08,0.793
4.436,9.173,0.845,56.8,0.739,-0.174,0.879
4.507,7.413,0.64,56.4,0.694,0.08,0.702
5.341,9.362,0.749,65.5,0.48375,-0.12225,0.7095
3.71,7.595,0.878,52.86,0.763,0.053,0.82
6.258,9.701,0.922,65.58,0.678,-0.225,0.776
4.567,7.616,0.874,57.2,0.689,0.14379999999999998,0.897
5.038,8.149,0.646,50.3,0.791,0.049,0.868
4.348,8.151,0.767,54.3,0.812,0.122,0.771
7.037,10.844,0.926,71.3,0.889,0.178,0.412
2.662,7.697,0.491,52.8,0.427,-0.121,0.954
6.339,9.042,0.829,65.8,0.758,-0.172,0.778
6.172,10.071,0.882,70.0,0.742,-0.044,0.83
6.772,10.853,0.884,72.2,0.776,-0.172,0.672
3.933,8.156,0.744,54.8,0.823,0.14,0.74
6.148,10.673,0.921,64.22,0.639,-0.11,0.445
4.309,7.592,0.885,52.04,0.649,0.081,0.838
6.022,9.824,0.903,67.4,0.898,0.309,0.877
4.967,10.029,0.836,64.86,0.564,-0.002,0.934
6.45,9.861,0.865,68.28,0.871,0.067,0.615
3.819,8.755,0.603,60.633,0.893,0.089,0.774
3.968,8.117,0.638,54.3,0.664,-0.157,0.885
7.488,10.697,0.943,72.02,0.915,0.246,0.413
7.026,10.928,0.903,68.66,0.823,0.215,0.71
3.466,7.449,0.75,58.06,0.904,-0.028,0.117
4.071,7.386,0.666,59.1,0.551,0.003,0.889
2.375,7.697,0.42,52.4,0.394,-0.108,0.924
5.968,10.549,0.905,74.16,0.753,-0.15766666666666668,0.692
6.69,10.53,0.844,72.54,0.745,0.18,0.841
4.719,9.809,0.82,62.6,0.623,-0.15,0.877
6.583,10.659,0.944,71.48,0.789,0.126,0.699
4.224,8.359,0.752,58.1,0.808,0.688,0.633
5.812,9.856,0.88,64.62,0.647,-0.048,0.682
